2026-05-10 08:39:46,648 - werkzeug - INFO - [31m[1mWARNING: This is a development server. Do not use it in a production deployment. Use a production WSGI server instead.[0m
 * Running on all addresses (0.0.0.0)
 * Running on http://127.0.0.1:5000
 * Running on http://192.168.1.6:5000
2026-05-10 08:39:46,648 - werkzeug - INFO - [31m[1mWARNING: This is a development server. Do not use it in a production deployment. Use a production WSGI server instead.[0m
 * Running on all addresses (0.0.0.0)
 * Running on http://127.0.0.1:5000
 * Running on http://192.168.1.6:5000
2026-05-10 08:39:46,649 - werkzeug - INFO - [33mPress CTRL+C to quit[0m
2026-05-10 08:39:46,649 - werkzeug - INFO - [33mPress CTRL+C to quit[0m
2026-05-10 08:39:46,664 - werkzeug - INFO -  * Restarting with stat
2026-05-10 08:39:46,664 - werkzeug - INFO -  * Restarting with stat
2026-05-10 08:39:57,501 - werkzeug - WARNING -  * Debugger is active!
2026-05-10 08:39:57,501 - werkzeug - WARNING -  * Debugger is active!
2026-05-10 08:39:57,504 - werkzeug - INFO -  * Debugger PIN: 440-419-808
2026-05-10 08:39:57,504 - werkzeug - INFO -  * Debugger PIN: 440-419-808
2026-05-10 08:47:47,756 - werkzeug - INFO - [31m[1mWARNING: This is a development server. Do not use it in a production deployment. Use a production WSGI server instead.[0m
 * Running on all addresses (0.0.0.0)
 * Running on http://127.0.0.1:5000
 * Running on http://192.168.1.6:5000
2026-05-10 08:47:47,756 - werkzeug - INFO - [31m[1mWARNING: This is a development server. Do not use it in a production deployment. Use a production WSGI server instead.[0m
 * Running on all addresses (0.0.0.0)
 * Running on http://127.0.0.1:5000
 * Running on http://192.168.1.6:5000
2026-05-10 08:47:47,757 - werkzeug - INFO - [33mPress CTRL+C to quit[0m
2026-05-10 08:47:47,757 - werkzeug - INFO - [33mPress CTRL+C to quit[0m
2026-05-10 08:47:47,759 - werkzeug - INFO -  * Restarting with stat
2026-05-10 08:47:47,759 - werkzeug - INFO -  * Restarting with stat
2026-05-10 08:47:59,288 - werkzeug - WARNING -  * Debugger is active!
2026-05-10 08:47:59,288 - werkzeug - WARNING -  * Debugger is active!
2026-05-10 08:47:59,291 - werkzeug - INFO -  * Debugger PIN: 440-419-808
2026-05-10 08:47:59,291 - werkzeug - INFO -  * Debugger PIN: 440-419-808
2026-05-10 08:48:53,298 - root - INFO - Request: GET /
2026-05-10 08:48:53,298 - root - INFO - Request: GET /
2026-05-10 08:48:53,299 - root - INFO - Response: 200
2026-05-10 08:48:53,299 - root - INFO - Response: 200
2026-05-10 08:48:53,302 - werkzeug - INFO - 127.0.0.1 - - [10/May/2026 08:48:53] "GET / HTTP/1.1" 200 -
2026-05-10 08:48:53,302 - werkzeug - INFO - 127.0.0.1 - - [10/May/2026 08:48:53] "GET / HTTP/1.1" 200 -
2026-05-10 08:48:53,328 - root - INFO - Request: GET /favicon.ico
2026-05-10 08:48:53,328 - root - INFO - Request: GET /favicon.ico
2026-05-10 08:48:53,328 - root - INFO - Response: 404
2026-05-10 08:48:53,328 - root - INFO - Response: 404
2026-05-10 08:48:53,329 - werkzeug - INFO - 127.0.0.1 - - [10/May/2026 08:48:53] "[33mGET /favicon.ico HTTP/1.1[0m" 404 -
2026-05-10 08:48:53,329 - werkzeug - INFO - 127.0.0.1 - - [10/May/2026 08:48:53] "[33mGET /favicon.ico HTTP/1.1[0m" 404 -
2026-05-10 08:49:59,553 - werkzeug - INFO -  * Detected change in 'C:\\Users\\Rivith Ranjuna\\OneDrive\\Desktop\\movie-trailer-analyzer-frontend\\backend\\services\\firebase_service.py', reloading
2026-05-10 08:49:59,553 - werkzeug - INFO -  * Detected change in 'C:\\Users\\Rivith Ranjuna\\OneDrive\\Desktop\\movie-trailer-analyzer-frontend\\backend\\services\\firebase_service.py', reloading
2026-05-10 08:50:00,675 - werkzeug - INFO -  * Restarting with stat
2026-05-10 08:50:00,675 - werkzeug - INFO -  * Restarting with stat
2026-05-10 08:50:12,097 - werkzeug - WARNING -  * Debugger is active!
2026-05-10 08:50:12,097 - werkzeug - WARNING -  * Debugger is active!
2026-05-10 08:50:12,102 - werkzeug - INFO -  * Debugger PIN: 440-419-808
2026-05-10 08:50:12,102 - werkzeug - INFO -  * Debugger PIN: 440-419-808
2026-05-10 08:52:03,844 - werkzeug - INFO - [31m[1mWARNING: This is a development server. Do not use it in a production deployment. Use a production WSGI server instead.[0m
 * Running on all addresses (0.0.0.0)
 * Running on http://127.0.0.1:5000
 * Running on http://192.168.1.6:5000
2026-05-10 08:52:03,844 - werkzeug - INFO - [31m[1mWARNING: This is a development server. Do not use it in a production deployment. Use a production WSGI server instead.[0m
 * Running on all addresses (0.0.0.0)
 * Running on http://127.0.0.1:5000
 * Running on http://192.168.1.6:5000
2026-05-10 08:52:03,845 - werkzeug - INFO - [33mPress CTRL+C to quit[0m
2026-05-10 08:52:03,845 - werkzeug - INFO - [33mPress CTRL+C to quit[0m
2026-05-10 08:52:03,847 - werkzeug - INFO -  * Restarting with stat
2026-05-10 08:52:03,847 - werkzeug - INFO -  * Restarting with stat
2026-05-10 08:52:15,600 - werkzeug - WARNING -  * Debugger is active!
2026-05-10 08:52:15,600 - werkzeug - WARNING -  * Debugger is active!
2026-05-10 08:52:15,604 - werkzeug - INFO -  * Debugger PIN: 440-419-808
2026-05-10 08:52:15,604 - werkzeug - INFO -  * Debugger PIN: 440-419-808
2026-05-10 08:53:21,520 - root - INFO - Request: GET /
2026-05-10 08:53:21,520 - root - INFO - Request: GET /
2026-05-10 08:53:21,521 - root - INFO - Response: 200
2026-05-10 08:53:21,521 - root - INFO - Response: 200
2026-05-10 08:53:21,524 - werkzeug - INFO - 127.0.0.1 - - [10/May/2026 08:53:21] "GET / HTTP/1.1" 200 -
2026-05-10 08:53:21,524 - werkzeug - INFO - 127.0.0.1 - - [10/May/2026 08:53:21] "GET / HTTP/1.1" 200 -
2026-05-10 08:53:21,555 - root - INFO - Request: GET /favicon.ico
2026-05-10 08:53:21,555 - root - INFO - Request: GET /favicon.ico
2026-05-10 08:53:21,556 - root - INFO - Response: 404
2026-05-10 08:53:21,556 - root - INFO - Response: 404
2026-05-10 08:53:21,557 - werkzeug - INFO - 127.0.0.1 - - [10/May/2026 08:53:21] "[33mGET /favicon.ico HTTP/1.1[0m" 404 -
2026-05-10 08:53:21,557 - werkzeug - INFO - 127.0.0.1 - - [10/May/2026 08:53:21] "[33mGET /favicon.ico HTTP/1.1[0m" 404 -
2026-05-10 09:00:15,654 - root - INFO - Request: OPTIONS /api/sentiment/analyze
2026-05-10 09:00:15,654 - root - INFO - Request: OPTIONS /api/sentiment/analyze
2026-05-10 09:00:15,655 - root - INFO - Response: 200
2026-05-10 09:00:15,655 - root - INFO - Response: 200
2026-05-10 09:00:15,656 - werkzeug - INFO - 127.0.0.1 - - [10/May/2026 09:00:15] "OPTIONS /api/sentiment/analyze HTTP/1.1" 200 -
2026-05-10 09:00:15,656 - werkzeug - INFO - 127.0.0.1 - - [10/May/2026 09:00:15] "OPTIONS /api/sentiment/analyze HTTP/1.1" 200 -
2026-05-10 09:00:49,878 - root - INFO - Request: OPTIONS /api/sentiment/analyze
2026-05-10 09:00:49,878 - root - INFO - Request: OPTIONS /api/sentiment/analyze
2026-05-10 09:00:49,879 - root - INFO - Response: 200
2026-05-10 09:00:49,879 - root - INFO - Response: 200
2026-05-10 09:00:49,879 - werkzeug - INFO - 127.0.0.1 - - [10/May/2026 09:00:49] "OPTIONS /api/sentiment/analyze HTTP/1.1" 200 -
2026-05-10 09:00:49,879 - werkzeug - INFO - 127.0.0.1 - - [10/May/2026 09:00:49] "OPTIONS /api/sentiment/analyze HTTP/1.1" 200 -
2026-05-10 09:01:07,851 - root - INFO - Request: GET /
2026-05-10 09:01:07,851 - root - INFO - Request: GET /
2026-05-10 09:01:07,852 - root - INFO - Response: 200
2026-05-10 09:01:07,852 - root - INFO - Response: 200
2026-05-10 09:01:07,852 - werkzeug - INFO - 127.0.0.1 - - [10/May/2026 09:01:07] "GET / HTTP/1.1" 200 -
2026-05-10 09:01:07,852 - werkzeug - INFO - 127.0.0.1 - - [10/May/2026 09:01:07] "GET / HTTP/1.1" 200 -
2026-05-10 09:01:07,949 - root - INFO - Request: GET /favicon.ico
2026-05-10 09:01:07,949 - root - INFO - Request: GET /favicon.ico
2026-05-10 09:01:07,950 - root - INFO - Response: 404
2026-05-10 09:01:07,950 - root - INFO - Response: 404
2026-05-10 09:01:07,951 - werkzeug - INFO - 127.0.0.1 - - [10/May/2026 09:01:07] "[33mGET /favicon.ico HTTP/1.1[0m" 404 -
2026-05-10 09:01:07,951 - werkzeug - INFO - 127.0.0.1 - - [10/May/2026 09:01:07] "[33mGET /favicon.ico HTTP/1.1[0m" 404 -
2026-05-10 09:01:19,978 - root - INFO - Request: OPTIONS /api/sentiment/analyze
2026-05-10 09:01:19,978 - root - INFO - Request: OPTIONS /api/sentiment/analyze
2026-05-10 09:01:19,979 - root - INFO - Response: 200
2026-05-10 09:01:19,979 - root - INFO - Response: 200
2026-05-10 09:01:19,979 - werkzeug - INFO - 127.0.0.1 - - [10/May/2026 09:01:19] "OPTIONS /api/sentiment/analyze HTTP/1.1" 200 -
2026-05-10 09:01:19,979 - werkzeug - INFO - 127.0.0.1 - - [10/May/2026 09:01:19] "OPTIONS /api/sentiment/analyze HTTP/1.1" 200 -
2026-05-10 09:01:20,521 - root - INFO - Request: OPTIONS /api/sentiment/analyze
2026-05-10 09:01:20,521 - root - INFO - Request: OPTIONS /api/sentiment/analyze
2026-05-10 09:01:20,522 - root - INFO - Response: 200
2026-05-10 09:01:20,522 - root - INFO - Response: 200
2026-05-10 09:01:20,523 - werkzeug - INFO - 127.0.0.1 - - [10/May/2026 09:01:20] "OPTIONS /api/sentiment/analyze HTTP/1.1" 200 -
2026-05-10 09:01:20,523 - werkzeug - INFO - 127.0.0.1 - - [10/May/2026 09:01:20] "OPTIONS /api/sentiment/analyze HTTP/1.1" 200 -
2026-05-10 09:01:20,994 - root - INFO - Request: OPTIONS /api/sentiment/analyze
2026-05-10 09:01:20,994 - root - INFO - Request: OPTIONS /api/sentiment/analyze
2026-05-10 09:01:20,995 - root - INFO - Response: 200
2026-05-10 09:01:20,995 - root - INFO - Response: 200
2026-05-10 09:01:20,995 - werkzeug - INFO - 127.0.0.1 - - [10/May/2026 09:01:20] "OPTIONS /api/sentiment/analyze HTTP/1.1" 200 -
2026-05-10 09:01:20,995 - werkzeug - INFO - 127.0.0.1 - - [10/May/2026 09:01:20] "OPTIONS /api/sentiment/analyze HTTP/1.1" 200 -
2026-05-10 09:01:21,261 - root - INFO - Request: OPTIONS /api/sentiment/analyze
2026-05-10 09:01:21,261 - root - INFO - Request: OPTIONS /api/sentiment/analyze
2026-05-10 09:01:21,262 - root - INFO - Response: 200
2026-05-10 09:01:21,262 - root - INFO - Response: 200
2026-05-10 09:01:21,262 - werkzeug - INFO - 127.0.0.1 - - [10/May/2026 09:01:21] "OPTIONS /api/sentiment/analyze HTTP/1.1" 200 -
2026-05-10 09:01:21,262 - werkzeug - INFO - 127.0.0.1 - - [10/May/2026 09:01:21] "OPTIONS /api/sentiment/analyze HTTP/1.1" 200 -
2026-05-10 09:02:11,970 - werkzeug - INFO -  * Detected change in 'C:\\Users\\Rivith Ranjuna\\OneDrive\\Desktop\\movie-trailer-analyzer-frontend\\backend\\config\\settings.py', reloading
2026-05-10 09:02:11,970 - werkzeug - INFO -  * Detected change in 'C:\\Users\\Rivith Ranjuna\\OneDrive\\Desktop\\movie-trailer-analyzer-frontend\\backend\\config\\settings.py', reloading
2026-05-10 09:02:11,990 - werkzeug - INFO -  * Detected change in 'C:\\Users\\Rivith Ranjuna\\OneDrive\\Desktop\\movie-trailer-analyzer-frontend\\backend\\config\\settings.py', reloading
2026-05-10 09:02:11,990 - werkzeug - INFO -  * Detected change in 'C:\\Users\\Rivith Ranjuna\\OneDrive\\Desktop\\movie-trailer-analyzer-frontend\\backend\\config\\settings.py', reloading
2026-05-10 09:02:13,273 - werkzeug - INFO -  * Restarting with stat
2026-05-10 09:02:13,273 - werkzeug - INFO -  * Restarting with stat
2026-05-10 09:02:13,297 - werkzeug - INFO -  * Restarting with stat
2026-05-10 09:02:13,297 - werkzeug - INFO -  * Restarting with stat
2026-05-10 09:02:25,484 - werkzeug - WARNING -  * Debugger is active!
2026-05-10 09:02:25,484 - werkzeug - WARNING -  * Debugger is active!
2026-05-10 09:02:25,487 - werkzeug - INFO -  * Debugger PIN: 440-419-808
2026-05-10 09:02:25,487 - werkzeug - INFO -  * Debugger PIN: 440-419-808
2026-05-10 09:02:44,311 - werkzeug - INFO - [31m[1mWARNING: This is a development server. Do not use it in a production deployment. Use a production WSGI server instead.[0m
 * Running on all addresses (0.0.0.0)
 * Running on http://127.0.0.1:5000
 * Running on http://192.168.1.6:5000
2026-05-10 09:02:44,311 - werkzeug - INFO - [31m[1mWARNING: This is a development server. Do not use it in a production deployment. Use a production WSGI server instead.[0m
 * Running on all addresses (0.0.0.0)
 * Running on http://127.0.0.1:5000
 * Running on http://192.168.1.6:5000
2026-05-10 09:02:44,311 - werkzeug - INFO - [33mPress CTRL+C to quit[0m
2026-05-10 09:02:44,311 - werkzeug - INFO - [33mPress CTRL+C to quit[0m
2026-05-10 09:02:44,314 - werkzeug - INFO -  * Restarting with stat
2026-05-10 09:02:44,314 - werkzeug - INFO -  * Restarting with stat
2026-05-10 09:02:55,999 - werkzeug - WARNING -  * Debugger is active!
2026-05-10 09:02:55,999 - werkzeug - WARNING -  * Debugger is active!
2026-05-10 09:02:56,002 - werkzeug - INFO -  * Debugger PIN: 440-419-808
2026-05-10 09:02:56,002 - werkzeug - INFO -  * Debugger PIN: 440-419-808
2026-05-10 09:04:11,059 - root - INFO - Request: OPTIONS /api/sentiment/analyze
2026-05-10 09:04:11,059 - root - INFO - Request: OPTIONS /api/sentiment/analyze
2026-05-10 09:04:11,060 - root - INFO - Response: 200
2026-05-10 09:04:11,060 - root - INFO - Response: 200
2026-05-10 09:04:11,062 - werkzeug - INFO - 127.0.0.1 - - [10/May/2026 09:04:11] "OPTIONS /api/sentiment/analyze HTTP/1.1" 200 -
2026-05-10 09:04:11,062 - werkzeug - INFO - 127.0.0.1 - - [10/May/2026 09:04:11] "OPTIONS /api/sentiment/analyze HTTP/1.1" 200 -
2026-05-10 09:06:11,687 - root - INFO - Request: OPTIONS /api/sentiment/analyze
2026-05-10 09:06:11,687 - root - INFO - Request: OPTIONS /api/sentiment/analyze
2026-05-10 09:06:11,687 - root - INFO - Response: 200
2026-05-10 09:06:11,687 - root - INFO - Response: 200
2026-05-10 09:06:11,688 - werkzeug - INFO - 127.0.0.1 - - [10/May/2026 09:06:11] "OPTIONS /api/sentiment/analyze HTTP/1.1" 200 -
2026-05-10 09:06:11,688 - werkzeug - INFO - 127.0.0.1 - - [10/May/2026 09:06:11] "OPTIONS /api/sentiment/analyze HTTP/1.1" 200 -
2026-05-10 09:07:25,538 - root - INFO - Request: OPTIONS /api/sentiment/analyze
2026-05-10 09:07:25,538 - root - INFO - Request: OPTIONS /api/sentiment/analyze
2026-05-10 09:07:25,539 - root - INFO - Response: 200
2026-05-10 09:07:25,539 - root - INFO - Response: 200
2026-05-10 09:07:25,540 - werkzeug - INFO - 127.0.0.1 - - [10/May/2026 09:07:25] "OPTIONS /api/sentiment/analyze HTTP/1.1" 200 -
2026-05-10 09:07:25,540 - werkzeug - INFO - 127.0.0.1 - - [10/May/2026 09:07:25] "OPTIONS /api/sentiment/analyze HTTP/1.1" 200 -
2026-05-10 09:07:27,915 - root - INFO - Request: OPTIONS /api/sentiment/analyze
2026-05-10 09:07:27,915 - root - INFO - Request: OPTIONS /api/sentiment/analyze
2026-05-10 09:07:27,916 - root - INFO - Response: 200
2026-05-10 09:07:27,916 - root - INFO - Response: 200
2026-05-10 09:07:27,917 - werkzeug - INFO - 127.0.0.1 - - [10/May/2026 09:07:27] "OPTIONS /api/sentiment/analyze HTTP/1.1" 200 -
2026-05-10 09:07:27,917 - werkzeug - INFO - 127.0.0.1 - - [10/May/2026 09:07:27] "OPTIONS /api/sentiment/analyze HTTP/1.1" 200 -
2026-05-10 09:07:28,892 - root - INFO - Request: OPTIONS /api/sentiment/analyze
2026-05-10 09:07:28,892 - root - INFO - Request: OPTIONS /api/sentiment/analyze
2026-05-10 09:07:28,893 - root - INFO - Response: 200
2026-05-10 09:07:28,893 - root - INFO - Response: 200
2026-05-10 09:07:28,894 - werkzeug - INFO - 127.0.0.1 - - [10/May/2026 09:07:28] "OPTIONS /api/sentiment/analyze HTTP/1.1" 200 -
2026-05-10 09:07:28,894 - werkzeug - INFO - 127.0.0.1 - - [10/May/2026 09:07:28] "OPTIONS /api/sentiment/analyze HTTP/1.1" 200 -
2026-05-10 09:07:29,153 - root - INFO - Request: OPTIONS /api/sentiment/analyze
2026-05-10 09:07:29,153 - root - INFO - Request: OPTIONS /api/sentiment/analyze
2026-05-10 09:07:29,153 - root - INFO - Response: 200
2026-05-10 09:07:29,153 - root - INFO - Response: 200
2026-05-10 09:07:29,154 - werkzeug - INFO - 127.0.0.1 - - [10/May/2026 09:07:29] "OPTIONS /api/sentiment/analyze HTTP/1.1" 200 -
2026-05-10 09:07:29,154 - werkzeug - INFO - 127.0.0.1 - - [10/May/2026 09:07:29] "OPTIONS /api/sentiment/analyze HTTP/1.1" 200 -
2026-05-10 09:07:31,085 - root - INFO - Request: OPTIONS /api/sentiment/analyze
2026-05-10 09:07:31,085 - root - INFO - Request: OPTIONS /api/sentiment/analyze
2026-05-10 09:07:31,086 - root - INFO - Response: 200
2026-05-10 09:07:31,086 - root - INFO - Response: 200
2026-05-10 09:07:31,087 - werkzeug - INFO - 127.0.0.1 - - [10/May/2026 09:07:31] "OPTIONS /api/sentiment/analyze HTTP/1.1" 200 -
2026-05-10 09:07:31,087 - werkzeug - INFO - 127.0.0.1 - - [10/May/2026 09:07:31] "OPTIONS /api/sentiment/analyze HTTP/1.1" 200 -
2026-05-10 09:07:32,358 - root - INFO - Request: OPTIONS /api/sentiment/analyze
2026-05-10 09:07:32,358 - root - INFO - Request: OPTIONS /api/sentiment/analyze
2026-05-10 09:07:32,359 - root - INFO - Response: 200
2026-05-10 09:07:32,359 - root - INFO - Response: 200
2026-05-10 09:07:32,360 - werkzeug - INFO - 127.0.0.1 - - [10/May/2026 09:07:32] "OPTIONS /api/sentiment/analyze HTTP/1.1" 200 -
2026-05-10 09:07:32,360 - werkzeug - INFO - 127.0.0.1 - - [10/May/2026 09:07:32] "OPTIONS /api/sentiment/analyze HTTP/1.1" 200 -
2026-05-10 09:09:00,082 - root - INFO - Request: GET /api/sentiment/health
2026-05-10 09:09:00,082 - root - INFO - Request: GET /api/sentiment/health
2026-05-10 09:09:00,083 - root - INFO - Response: 200
2026-05-10 09:09:00,083 - root - INFO - Response: 200
2026-05-10 09:09:00,085 - werkzeug - INFO - 127.0.0.1 - - [10/May/2026 09:09:00] "GET /api/sentiment/health HTTP/1.1" 200 -
2026-05-10 09:09:00,085 - werkzeug - INFO - 127.0.0.1 - - [10/May/2026 09:09:00] "GET /api/sentiment/health HTTP/1.1" 200 -
2026-05-10 09:09:07,682 - root - INFO - Request: POST /api/sentiment/analyze
2026-05-10 09:09:07,682 - root - INFO - Request: POST /api/sentiment/analyze
2026-05-10 09:09:07,684 - services.sentiment_service - ERROR - Error analyzing comment: 
**********************************************************************
  Resource 'punkt_tab' not found.
  Please use the NLTK Downloader to obtain the resource:

  >>> import nltk
  >>> nltk.download('punkt_tab')

  For more information see: https://www.nltk.org/data.html

  Attempted to load 'tokenizers/punkt_tab/english/'

  Searched in:
    - 'C:\\Users\\Rivith Ranjuna/nltk_data'
    - 'C:\\Users\\Rivith Ranjuna\\OneDrive\\Desktop\\movie-trailer-analyzer-frontend\\backend\\venv\\nltk_data'
    - 'C:\\Users\\Rivith Ranjuna\\OneDrive\\Desktop\\movie-trailer-analyzer-frontend\\backend\\venv\\share\\nltk_data'
    - 'C:\\Users\\Rivith Ranjuna\\OneDrive\\Desktop\\movie-trailer-analyzer-frontend\\backend\\venv\\lib\\nltk_data'
    - 'C:\\Users\\Rivith Ranjuna\\AppData\\Roaming\\nltk_data'
    - 'C:\\nltk_data'
    - 'D:\\nltk_data'
    - 'E:\\nltk_data'
**********************************************************************

2026-05-10 09:09:07,684 - services.sentiment_service - ERROR - Error analyzing comment: 
**********************************************************************
  Resource 'punkt_tab' not found.
  Please use the NLTK Downloader to obtain the resource:

  >>> import nltk
  >>> nltk.download('punkt_tab')

  For more information see: https://www.nltk.org/data.html

  Attempted to load 'tokenizers/punkt_tab/english/'

  Searched in:
    - 'C:\\Users\\Rivith Ranjuna/nltk_data'
    - 'C:\\Users\\Rivith Ranjuna\\OneDrive\\Desktop\\movie-trailer-analyzer-frontend\\backend\\venv\\nltk_data'
    - 'C:\\Users\\Rivith Ranjuna\\OneDrive\\Desktop\\movie-trailer-analyzer-frontend\\backend\\venv\\share\\nltk_data'
    - 'C:\\Users\\Rivith Ranjuna\\OneDrive\\Desktop\\movie-trailer-analyzer-frontend\\backend\\venv\\lib\\nltk_data'
    - 'C:\\Users\\Rivith Ranjuna\\AppData\\Roaming\\nltk_data'
    - 'C:\\nltk_data'
    - 'D:\\nltk_data'
    - 'E:\\nltk_data'
**********************************************************************

2026-05-10 09:09:07,685 - services.sentiment_service - ERROR - Error analyzing comment: 
**********************************************************************
  Resource 'punkt_tab' not found.
  Please use the NLTK Downloader to obtain the resource:

  >>> import nltk
  >>> nltk.download('punkt_tab')

  For more information see: https://www.nltk.org/data.html

  Attempted to load 'tokenizers/punkt_tab/english/'

  Searched in:
    - 'C:\\Users\\Rivith Ranjuna/nltk_data'
    - 'C:\\Users\\Rivith Ranjuna\\OneDrive\\Desktop\\movie-trailer-analyzer-frontend\\backend\\venv\\nltk_data'
    - 'C:\\Users\\Rivith Ranjuna\\OneDrive\\Desktop\\movie-trailer-analyzer-frontend\\backend\\venv\\share\\nltk_data'
    - 'C:\\Users\\Rivith Ranjuna\\OneDrive\\Desktop\\movie-trailer-analyzer-frontend\\backend\\venv\\lib\\nltk_data'
    - 'C:\\Users\\Rivith Ranjuna\\AppData\\Roaming\\nltk_data'
    - 'C:\\nltk_data'
    - 'D:\\nltk_data'
    - 'E:\\nltk_data'
**********************************************************************

2026-05-10 09:09:07,685 - services.sentiment_service - ERROR - Error analyzing comment: 
**********************************************************************
  Resource 'punkt_tab' not found.
  Please use the NLTK Downloader to obtain the resource:

  >>> import nltk
  >>> nltk.download('punkt_tab')

  For more information see: https://www.nltk.org/data.html

  Attempted to load 'tokenizers/punkt_tab/english/'

  Searched in:
    - 'C:\\Users\\Rivith Ranjuna/nltk_data'
    - 'C:\\Users\\Rivith Ranjuna\\OneDrive\\Desktop\\movie-trailer-analyzer-frontend\\backend\\venv\\nltk_data'
    - 'C:\\Users\\Rivith Ranjuna\\OneDrive\\Desktop\\movie-trailer-analyzer-frontend\\backend\\venv\\share\\nltk_data'
    - 'C:\\Users\\Rivith Ranjuna\\OneDrive\\Desktop\\movie-trailer-analyzer-frontend\\backend\\venv\\lib\\nltk_data'
    - 'C:\\Users\\Rivith Ranjuna\\AppData\\Roaming\\nltk_data'
    - 'C:\\nltk_data'
    - 'D:\\nltk_data'
    - 'E:\\nltk_data'
**********************************************************************

2026-05-10 09:09:07,686 - services.firebase_service - WARNING - Firebase not configured, skipping save
2026-05-10 09:09:07,686 - services.firebase_service - WARNING - Firebase not configured, skipping save
2026-05-10 09:09:07,687 - root - INFO - Response: 200
2026-05-10 09:09:07,687 - root - INFO - Response: 200
2026-05-10 09:09:07,687 - werkzeug - INFO - 127.0.0.1 - - [10/May/2026 09:09:07] "POST /api/sentiment/analyze HTTP/1.1" 200 -
2026-05-10 09:09:07,687 - werkzeug - INFO - 127.0.0.1 - - [10/May/2026 09:09:07] "POST /api/sentiment/analyze HTTP/1.1" 200 -
2026-05-10 09:09:57,456 - root - INFO - Request: OPTIONS /api/sentiment/analyze
2026-05-10 09:09:57,456 - root - INFO - Request: OPTIONS /api/sentiment/analyze
2026-05-10 09:09:57,456 - root - INFO - Response: 200
2026-05-10 09:09:57,456 - root - INFO - Response: 200
2026-05-10 09:09:57,457 - werkzeug - INFO - 127.0.0.1 - - [10/May/2026 09:09:57] "OPTIONS /api/sentiment/analyze HTTP/1.1" 200 -
2026-05-10 09:09:57,457 - werkzeug - INFO - 127.0.0.1 - - [10/May/2026 09:09:57] "OPTIONS /api/sentiment/analyze HTTP/1.1" 200 -
2026-05-10 09:15:37,267 - root - INFO - Request: OPTIONS /api/sentiment/analyze
2026-05-10 09:15:37,267 - root - INFO - Request: OPTIONS /api/sentiment/analyze
2026-05-10 09:15:37,268 - root - INFO - Response: 200
2026-05-10 09:15:37,268 - root - INFO - Response: 200
2026-05-10 09:15:37,270 - werkzeug - INFO - 127.0.0.1 - - [10/May/2026 09:15:37] "OPTIONS /api/sentiment/analyze HTTP/1.1" 200 -
2026-05-10 09:15:37,270 - werkzeug - INFO - 127.0.0.1 - - [10/May/2026 09:15:37] "OPTIONS /api/sentiment/analyze HTTP/1.1" 200 -
2026-05-10 09:16:00,054 - root - INFO - Request: OPTIONS /api/sentiment/analyze
2026-05-10 09:16:00,054 - root - INFO - Request: OPTIONS /api/sentiment/analyze
2026-05-10 09:16:00,056 - root - INFO - Response: 200
2026-05-10 09:16:00,056 - root - INFO - Response: 200
2026-05-10 09:16:00,056 - werkzeug - INFO - 127.0.0.1 - - [10/May/2026 09:16:00] "OPTIONS /api/sentiment/analyze HTTP/1.1" 200 -
2026-05-10 09:16:00,056 - werkzeug - INFO - 127.0.0.1 - - [10/May/2026 09:16:00] "OPTIONS /api/sentiment/analyze HTTP/1.1" 200 -
2026-05-10 09:16:01,369 - root - INFO - Request: OPTIONS /api/sentiment/analyze
2026-05-10 09:16:01,369 - root - INFO - Request: OPTIONS /api/sentiment/analyze
2026-05-10 09:16:01,370 - root - INFO - Response: 200
2026-05-10 09:16:01,370 - root - INFO - Response: 200
2026-05-10 09:16:01,370 - werkzeug - INFO - 127.0.0.1 - - [10/May/2026 09:16:01] "OPTIONS /api/sentiment/analyze HTTP/1.1" 200 -
2026-05-10 09:16:01,370 - werkzeug - INFO - 127.0.0.1 - - [10/May/2026 09:16:01] "OPTIONS /api/sentiment/analyze HTTP/1.1" 200 -
2026-05-10 09:18:14,932 - root - INFO - Request: OPTIONS /api/sentiment/analyze
2026-05-10 09:18:14,932 - root - INFO - Request: OPTIONS /api/sentiment/analyze
2026-05-10 09:18:14,932 - root - INFO - Response: 200
2026-05-10 09:18:14,932 - root - INFO - Response: 200
2026-05-10 09:18:14,933 - werkzeug - INFO - 127.0.0.1 - - [10/May/2026 09:18:14] "OPTIONS /api/sentiment/analyze HTTP/1.1" 200 -
2026-05-10 09:18:14,933 - werkzeug - INFO - 127.0.0.1 - - [10/May/2026 09:18:14] "OPTIONS /api/sentiment/analyze HTTP/1.1" 200 -
2026-05-10 09:18:26,690 - werkzeug - INFO -  * Detected change in 'C:\\Users\\Rivith Ranjuna\\OneDrive\\Desktop\\movie-trailer-analyzer-frontend\\backend\\app.py', reloading
2026-05-10 09:18:26,690 - werkzeug - INFO -  * Detected change in 'C:\\Users\\Rivith Ranjuna\\OneDrive\\Desktop\\movie-trailer-analyzer-frontend\\backend\\app.py', reloading
2026-05-10 09:18:26,717 - werkzeug - INFO -  * Detected change in 'C:\\Users\\Rivith Ranjuna\\OneDrive\\Desktop\\movie-trailer-analyzer-frontend\\backend\\app.py', reloading
2026-05-10 09:18:26,717 - werkzeug - INFO -  * Detected change in 'C:\\Users\\Rivith Ranjuna\\OneDrive\\Desktop\\movie-trailer-analyzer-frontend\\backend\\app.py', reloading
2026-05-10 09:18:27,996 - werkzeug - INFO -  * Restarting with stat
2026-05-10 09:18:27,996 - werkzeug - INFO -  * Restarting with stat
2026-05-10 09:18:28,011 - werkzeug - INFO -  * Restarting with stat
2026-05-10 09:18:28,011 - werkzeug - INFO -  * Restarting with stat
2026-05-10 09:18:40,681 - werkzeug - WARNING -  * Debugger is active!
2026-05-10 09:18:40,681 - werkzeug - WARNING -  * Debugger is active!
2026-05-10 09:18:40,685 - werkzeug - INFO -  * Debugger PIN: 440-419-808
2026-05-10 09:18:40,685 - werkzeug - INFO -  * Debugger PIN: 440-419-808
2026-05-10 09:18:40,722 - werkzeug - WARNING -  * Debugger is active!
2026-05-10 09:18:40,722 - werkzeug - WARNING -  * Debugger is active!
2026-05-10 09:18:40,725 - werkzeug - INFO -  * Debugger PIN: 440-419-808
2026-05-10 09:18:40,725 - werkzeug - INFO -  * Debugger PIN: 440-419-808
2026-05-10 09:18:49,444 - werkzeug - INFO - [31m[1mWARNING: This is a development server. Do not use it in a production deployment. Use a production WSGI server instead.[0m
 * Running on all addresses (0.0.0.0)
 * Running on http://127.0.0.1:5000
 * Running on http://192.168.1.6:5000
2026-05-10 09:18:49,444 - werkzeug - INFO - [31m[1mWARNING: This is a development server. Do not use it in a production deployment. Use a production WSGI server instead.[0m
 * Running on all addresses (0.0.0.0)
 * Running on http://127.0.0.1:5000
 * Running on http://192.168.1.6:5000
2026-05-10 09:18:49,445 - werkzeug - INFO - [33mPress CTRL+C to quit[0m
2026-05-10 09:18:49,445 - werkzeug - INFO - [33mPress CTRL+C to quit[0m
2026-05-10 09:18:49,448 - werkzeug - INFO -  * Restarting with stat
2026-05-10 09:18:49,448 - werkzeug - INFO -  * Restarting with stat
2026-05-10 09:19:00,889 - werkzeug - WARNING -  * Debugger is active!
2026-05-10 09:19:00,889 - werkzeug - WARNING -  * Debugger is active!
2026-05-10 09:19:00,893 - werkzeug - INFO -  * Debugger PIN: 440-419-808
2026-05-10 09:19:00,893 - werkzeug - INFO -  * Debugger PIN: 440-419-808
2026-05-10 09:19:29,338 - root - INFO - Request: OPTIONS /api/sentiment/analyze
2026-05-10 09:19:29,338 - root - INFO - Request: OPTIONS /api/sentiment/analyze
2026-05-10 09:19:29,339 - root - INFO - Response: 200
2026-05-10 09:19:29,339 - root - INFO - Response: 200
2026-05-10 09:19:29,341 - werkzeug - INFO - 127.0.0.1 - - [10/May/2026 09:19:29] "OPTIONS /api/sentiment/analyze HTTP/1.1" 200 -
2026-05-10 09:19:29,341 - werkzeug - INFO - 127.0.0.1 - - [10/May/2026 09:19:29] "OPTIONS /api/sentiment/analyze HTTP/1.1" 200 -
2026-05-10 09:19:38,241 - root - INFO - Request: OPTIONS /api/sentiment/analyze
2026-05-10 09:19:38,241 - root - INFO - Request: OPTIONS /api/sentiment/analyze
2026-05-10 09:19:38,241 - root - INFO - Response: 200
2026-05-10 09:19:38,241 - root - INFO - Response: 200
2026-05-10 09:19:38,242 - werkzeug - INFO - 127.0.0.1 - - [10/May/2026 09:19:38] "OPTIONS /api/sentiment/analyze HTTP/1.1" 200 -
2026-05-10 09:19:38,242 - werkzeug - INFO - 127.0.0.1 - - [10/May/2026 09:19:38] "OPTIONS /api/sentiment/analyze HTTP/1.1" 200 -
2026-05-10 09:19:46,363 - werkzeug - INFO -  * Detected change in 'C:\\Users\\Rivith Ranjuna\\OneDrive\\Desktop\\movie-trailer-analyzer-frontend\\backend\\app.py', reloading
2026-05-10 09:19:46,363 - werkzeug - INFO -  * Detected change in 'C:\\Users\\Rivith Ranjuna\\OneDrive\\Desktop\\movie-trailer-analyzer-frontend\\backend\\app.py', reloading
2026-05-10 09:19:46,381 - werkzeug - INFO -  * Detected change in 'C:\\Users\\Rivith Ranjuna\\OneDrive\\Desktop\\movie-trailer-analyzer-frontend\\backend\\app.py', reloading
2026-05-10 09:19:46,381 - werkzeug - INFO -  * Detected change in 'C:\\Users\\Rivith Ranjuna\\OneDrive\\Desktop\\movie-trailer-analyzer-frontend\\backend\\app.py', reloading
2026-05-10 09:19:46,580 - werkzeug - INFO -  * Detected change in 'C:\\Users\\Rivith Ranjuna\\OneDrive\\Desktop\\movie-trailer-analyzer-frontend\\backend\\app.py', reloading
2026-05-10 09:19:46,580 - werkzeug - INFO -  * Detected change in 'C:\\Users\\Rivith Ranjuna\\OneDrive\\Desktop\\movie-trailer-analyzer-frontend\\backend\\app.py', reloading
2026-05-10 09:19:47,799 - werkzeug - INFO -  * Restarting with stat
2026-05-10 09:19:47,799 - werkzeug - INFO -  * Restarting with stat
2026-05-10 09:19:47,845 - werkzeug - INFO -  * Restarting with stat
2026-05-10 09:19:47,845 - werkzeug - INFO -  * Restarting with stat
2026-05-10 09:19:47,989 - werkzeug - INFO -  * Restarting with stat
2026-05-10 09:19:47,989 - werkzeug - INFO -  * Restarting with stat
2026-05-10 09:20:00,274 - werkzeug - WARNING -  * Debugger is active!
2026-05-10 09:20:00,274 - werkzeug - WARNING -  * Debugger is active!
2026-05-10 09:20:00,278 - werkzeug - INFO -  * Debugger PIN: 440-419-808
2026-05-10 09:20:00,278 - werkzeug - INFO -  * Debugger PIN: 440-419-808
2026-05-10 09:20:00,429 - werkzeug - WARNING -  * Debugger is active!
2026-05-10 09:20:00,429 - werkzeug - WARNING -  * Debugger is active!
2026-05-10 09:20:00,434 - werkzeug - INFO -  * Debugger PIN: 440-419-808
2026-05-10 09:20:00,434 - werkzeug - INFO -  * Debugger PIN: 440-419-808
2026-05-10 09:20:00,478 - werkzeug - WARNING -  * Debugger is active!
2026-05-10 09:20:00,478 - werkzeug - WARNING -  * Debugger is active!
2026-05-10 09:20:00,482 - werkzeug - INFO -  * Debugger PIN: 440-419-808
2026-05-10 09:20:00,482 - werkzeug - INFO -  * Debugger PIN: 440-419-808
2026-05-10 09:20:10,406 - werkzeug - INFO - [31m[1mWARNING: This is a development server. Do not use it in a production deployment. Use a production WSGI server instead.[0m
 * Running on all addresses (0.0.0.0)
 * Running on http://127.0.0.1:5000
 * Running on http://192.168.1.6:5000
2026-05-10 09:20:10,406 - werkzeug - INFO - [31m[1mWARNING: This is a development server. Do not use it in a production deployment. Use a production WSGI server instead.[0m
 * Running on all addresses (0.0.0.0)
 * Running on http://127.0.0.1:5000
 * Running on http://192.168.1.6:5000
2026-05-10 09:20:10,406 - werkzeug - INFO - [33mPress CTRL+C to quit[0m
2026-05-10 09:20:10,406 - werkzeug - INFO - [33mPress CTRL+C to quit[0m
2026-05-10 09:20:10,409 - werkzeug - INFO -  * Restarting with stat
2026-05-10 09:20:10,409 - werkzeug - INFO -  * Restarting with stat
2026-05-10 09:20:22,173 - werkzeug - WARNING -  * Debugger is active!
2026-05-10 09:20:22,173 - werkzeug - WARNING -  * Debugger is active!
2026-05-10 09:20:22,177 - werkzeug - INFO -  * Debugger PIN: 440-419-808
2026-05-10 09:20:22,177 - werkzeug - INFO -  * Debugger PIN: 440-419-808
2026-05-10 09:20:30,026 - root - INFO - Request: OPTIONS /api/sentiment/analyze
2026-05-10 09:20:30,026 - root - INFO - Request: OPTIONS /api/sentiment/analyze
2026-05-10 09:20:30,027 - root - INFO - Response: 200
2026-05-10 09:20:30,027 - root - INFO - Response: 200
2026-05-10 09:20:30,029 - werkzeug - INFO - 127.0.0.1 - - [10/May/2026 09:20:30] "OPTIONS /api/sentiment/analyze HTTP/1.1" 200 -
2026-05-10 09:20:30,029 - werkzeug - INFO - 127.0.0.1 - - [10/May/2026 09:20:30] "OPTIONS /api/sentiment/analyze HTTP/1.1" 200 -
2026-05-10 09:20:56,063 - root - INFO - Request: OPTIONS /api/sentiment/analyze
2026-05-10 09:20:56,063 - root - INFO - Request: OPTIONS /api/sentiment/analyze
2026-05-10 09:20:56,064 - root - INFO - Response: 200
2026-05-10 09:20:56,064 - root - INFO - Response: 200
2026-05-10 09:20:56,064 - werkzeug - INFO - 127.0.0.1 - - [10/May/2026 09:20:56] "OPTIONS /api/sentiment/analyze HTTP/1.1" 200 -
2026-05-10 09:20:56,064 - werkzeug - INFO - 127.0.0.1 - - [10/May/2026 09:20:56] "OPTIONS /api/sentiment/analyze HTTP/1.1" 200 -
2026-05-10 09:20:56,329 - root - INFO - Request: POST /api/sentiment/analyze
2026-05-10 09:20:56,329 - root - INFO - Request: POST /api/sentiment/analyze
2026-05-10 09:20:56,331 - services.sentiment_service - ERROR - Error analyzing comment: 
**********************************************************************
  Resource 'punkt_tab' not found.
  Please use the NLTK Downloader to obtain the resource:

  >>> import nltk
  >>> nltk.download('punkt_tab')

  For more information see: https://www.nltk.org/data.html

  Attempted to load 'tokenizers/punkt_tab/english/'

  Searched in:
    - 'C:\\Users\\Rivith Ranjuna/nltk_data'
    - 'C:\\Users\\Rivith Ranjuna\\OneDrive\\Desktop\\movie-trailer-analyzer-frontend\\backend\\venv\\nltk_data'
    - 'C:\\Users\\Rivith Ranjuna\\OneDrive\\Desktop\\movie-trailer-analyzer-frontend\\backend\\venv\\share\\nltk_data'
    - 'C:\\Users\\Rivith Ranjuna\\OneDrive\\Desktop\\movie-trailer-analyzer-frontend\\backend\\venv\\lib\\nltk_data'
    - 'C:\\Users\\Rivith Ranjuna\\AppData\\Roaming\\nltk_data'
    - 'C:\\nltk_data'
    - 'D:\\nltk_data'
    - 'E:\\nltk_data'
**********************************************************************

2026-05-10 09:20:56,331 - services.sentiment_service - ERROR - Error analyzing comment: 
**********************************************************************
  Resource 'punkt_tab' not found.
  Please use the NLTK Downloader to obtain the resource:

  >>> import nltk
  >>> nltk.download('punkt_tab')

  For more information see: https://www.nltk.org/data.html

  Attempted to load 'tokenizers/punkt_tab/english/'

  Searched in:
    - 'C:\\Users\\Rivith Ranjuna/nltk_data'
    - 'C:\\Users\\Rivith Ranjuna\\OneDrive\\Desktop\\movie-trailer-analyzer-frontend\\backend\\venv\\nltk_data'
    - 'C:\\Users\\Rivith Ranjuna\\OneDrive\\Desktop\\movie-trailer-analyzer-frontend\\backend\\venv\\share\\nltk_data'
    - 'C:\\Users\\Rivith Ranjuna\\OneDrive\\Desktop\\movie-trailer-analyzer-frontend\\backend\\venv\\lib\\nltk_data'
    - 'C:\\Users\\Rivith Ranjuna\\AppData\\Roaming\\nltk_data'
    - 'C:\\nltk_data'
    - 'D:\\nltk_data'
    - 'E:\\nltk_data'
**********************************************************************

2026-05-10 09:20:56,333 - services.sentiment_service - ERROR - Error analyzing comment: 
**********************************************************************
  Resource 'punkt_tab' not found.
  Please use the NLTK Downloader to obtain the resource:

  >>> import nltk
  >>> nltk.download('punkt_tab')

  For more information see: https://www.nltk.org/data.html

  Attempted to load 'tokenizers/punkt_tab/english/'

  Searched in:
    - 'C:\\Users\\Rivith Ranjuna/nltk_data'
    - 'C:\\Users\\Rivith Ranjuna\\OneDrive\\Desktop\\movie-trailer-analyzer-frontend\\backend\\venv\\nltk_data'
    - 'C:\\Users\\Rivith Ranjuna\\OneDrive\\Desktop\\movie-trailer-analyzer-frontend\\backend\\venv\\share\\nltk_data'
    - 'C:\\Users\\Rivith Ranjuna\\OneDrive\\Desktop\\movie-trailer-analyzer-frontend\\backend\\venv\\lib\\nltk_data'
    - 'C:\\Users\\Rivith Ranjuna\\AppData\\Roaming\\nltk_data'
    - 'C:\\nltk_data'
    - 'D:\\nltk_data'
    - 'E:\\nltk_data'
**********************************************************************

2026-05-10 09:20:56,333 - services.sentiment_service - ERROR - Error analyzing comment: 
**********************************************************************
  Resource 'punkt_tab' not found.
  Please use the NLTK Downloader to obtain the resource:

  >>> import nltk
  >>> nltk.download('punkt_tab')

  For more information see: https://www.nltk.org/data.html

  Attempted to load 'tokenizers/punkt_tab/english/'

  Searched in:
    - 'C:\\Users\\Rivith Ranjuna/nltk_data'
    - 'C:\\Users\\Rivith Ranjuna\\OneDrive\\Desktop\\movie-trailer-analyzer-frontend\\backend\\venv\\nltk_data'
    - 'C:\\Users\\Rivith Ranjuna\\OneDrive\\Desktop\\movie-trailer-analyzer-frontend\\backend\\venv\\share\\nltk_data'
    - 'C:\\Users\\Rivith Ranjuna\\OneDrive\\Desktop\\movie-trailer-analyzer-frontend\\backend\\venv\\lib\\nltk_data'
    - 'C:\\Users\\Rivith Ranjuna\\AppData\\Roaming\\nltk_data'
    - 'C:\\nltk_data'
    - 'D:\\nltk_data'
    - 'E:\\nltk_data'
**********************************************************************

2026-05-10 09:20:56,335 - services.sentiment_service - ERROR - Error analyzing comment: 
**********************************************************************
  Resource 'punkt_tab' not found.
  Please use the NLTK Downloader to obtain the resource:

  >>> import nltk
  >>> nltk.download('punkt_tab')

  For more information see: https://www.nltk.org/data.html

  Attempted to load 'tokenizers/punkt_tab/english/'

  Searched in:
    - 'C:\\Users\\Rivith Ranjuna/nltk_data'
    - 'C:\\Users\\Rivith Ranjuna\\OneDrive\\Desktop\\movie-trailer-analyzer-frontend\\backend\\venv\\nltk_data'
    - 'C:\\Users\\Rivith Ranjuna\\OneDrive\\Desktop\\movie-trailer-analyzer-frontend\\backend\\venv\\share\\nltk_data'
    - 'C:\\Users\\Rivith Ranjuna\\OneDrive\\Desktop\\movie-trailer-analyzer-frontend\\backend\\venv\\lib\\nltk_data'
    - 'C:\\Users\\Rivith Ranjuna\\AppData\\Roaming\\nltk_data'
    - 'C:\\nltk_data'
    - 'D:\\nltk_data'
    - 'E:\\nltk_data'
**********************************************************************

2026-05-10 09:20:56,335 - services.sentiment_service - ERROR - Error analyzing comment: 
**********************************************************************
  Resource 'punkt_tab' not found.
  Please use the NLTK Downloader to obtain the resource:

  >>> import nltk
  >>> nltk.download('punkt_tab')

  For more information see: https://www.nltk.org/data.html

  Attempted to load 'tokenizers/punkt_tab/english/'

  Searched in:
    - 'C:\\Users\\Rivith Ranjuna/nltk_data'
    - 'C:\\Users\\Rivith Ranjuna\\OneDrive\\Desktop\\movie-trailer-analyzer-frontend\\backend\\venv\\nltk_data'
    - 'C:\\Users\\Rivith Ranjuna\\OneDrive\\Desktop\\movie-trailer-analyzer-frontend\\backend\\venv\\share\\nltk_data'
    - 'C:\\Users\\Rivith Ranjuna\\OneDrive\\Desktop\\movie-trailer-analyzer-frontend\\backend\\venv\\lib\\nltk_data'
    - 'C:\\Users\\Rivith Ranjuna\\AppData\\Roaming\\nltk_data'
    - 'C:\\nltk_data'
    - 'D:\\nltk_data'
    - 'E:\\nltk_data'
**********************************************************************

2026-05-10 09:20:56,337 - services.sentiment_service - ERROR - Error analyzing comment: 
**********************************************************************
  Resource 'punkt_tab' not found.
  Please use the NLTK Downloader to obtain the resource:

  >>> import nltk
  >>> nltk.download('punkt_tab')

  For more information see: https://www.nltk.org/data.html

  Attempted to load 'tokenizers/punkt_tab/english/'

  Searched in:
    - 'C:\\Users\\Rivith Ranjuna/nltk_data'
    - 'C:\\Users\\Rivith Ranjuna\\OneDrive\\Desktop\\movie-trailer-analyzer-frontend\\backend\\venv\\nltk_data'
    - 'C:\\Users\\Rivith Ranjuna\\OneDrive\\Desktop\\movie-trailer-analyzer-frontend\\backend\\venv\\share\\nltk_data'
    - 'C:\\Users\\Rivith Ranjuna\\OneDrive\\Desktop\\movie-trailer-analyzer-frontend\\backend\\venv\\lib\\nltk_data'
    - 'C:\\Users\\Rivith Ranjuna\\AppData\\Roaming\\nltk_data'
    - 'C:\\nltk_data'
    - 'D:\\nltk_data'
    - 'E:\\nltk_data'
**********************************************************************

2026-05-10 09:20:56,337 - services.sentiment_service - ERROR - Error analyzing comment: 
**********************************************************************
  Resource 'punkt_tab' not found.
  Please use the NLTK Downloader to obtain the resource:

  >>> import nltk
  >>> nltk.download('punkt_tab')

  For more information see: https://www.nltk.org/data.html

  Attempted to load 'tokenizers/punkt_tab/english/'

  Searched in:
    - 'C:\\Users\\Rivith Ranjuna/nltk_data'
    - 'C:\\Users\\Rivith Ranjuna\\OneDrive\\Desktop\\movie-trailer-analyzer-frontend\\backend\\venv\\nltk_data'
    - 'C:\\Users\\Rivith Ranjuna\\OneDrive\\Desktop\\movie-trailer-analyzer-frontend\\backend\\venv\\share\\nltk_data'
    - 'C:\\Users\\Rivith Ranjuna\\OneDrive\\Desktop\\movie-trailer-analyzer-frontend\\backend\\venv\\lib\\nltk_data'
    - 'C:\\Users\\Rivith Ranjuna\\AppData\\Roaming\\nltk_data'
    - 'C:\\nltk_data'
    - 'D:\\nltk_data'
    - 'E:\\nltk_data'
**********************************************************************

2026-05-10 09:20:56,339 - services.sentiment_service - ERROR - Error analyzing comment: 
**********************************************************************
  Resource 'punkt_tab' not found.
  Please use the NLTK Downloader to obtain the resource:

  >>> import nltk
  >>> nltk.download('punkt_tab')

  For more information see: https://www.nltk.org/data.html

  Attempted to load 'tokenizers/punkt_tab/english/'

  Searched in:
    - 'C:\\Users\\Rivith Ranjuna/nltk_data'
    - 'C:\\Users\\Rivith Ranjuna\\OneDrive\\Desktop\\movie-trailer-analyzer-frontend\\backend\\venv\\nltk_data'
    - 'C:\\Users\\Rivith Ranjuna\\OneDrive\\Desktop\\movie-trailer-analyzer-frontend\\backend\\venv\\share\\nltk_data'
    - 'C:\\Users\\Rivith Ranjuna\\OneDrive\\Desktop\\movie-trailer-analyzer-frontend\\backend\\venv\\lib\\nltk_data'
    - 'C:\\Users\\Rivith Ranjuna\\AppData\\Roaming\\nltk_data'
    - 'C:\\nltk_data'
    - 'D:\\nltk_data'
    - 'E:\\nltk_data'
**********************************************************************

2026-05-10 09:20:56,339 - services.sentiment_service - ERROR - Error analyzing comment: 
**********************************************************************
  Resource 'punkt_tab' not found.
  Please use the NLTK Downloader to obtain the resource:

  >>> import nltk
  >>> nltk.download('punkt_tab')

  For more information see: https://www.nltk.org/data.html

  Attempted to load 'tokenizers/punkt_tab/english/'

  Searched in:
    - 'C:\\Users\\Rivith Ranjuna/nltk_data'
    - 'C:\\Users\\Rivith Ranjuna\\OneDrive\\Desktop\\movie-trailer-analyzer-frontend\\backend\\venv\\nltk_data'
    - 'C:\\Users\\Rivith Ranjuna\\OneDrive\\Desktop\\movie-trailer-analyzer-frontend\\backend\\venv\\share\\nltk_data'
    - 'C:\\Users\\Rivith Ranjuna\\OneDrive\\Desktop\\movie-trailer-analyzer-frontend\\backend\\venv\\lib\\nltk_data'
    - 'C:\\Users\\Rivith Ranjuna\\AppData\\Roaming\\nltk_data'
    - 'C:\\nltk_data'
    - 'D:\\nltk_data'
    - 'E:\\nltk_data'
**********************************************************************

2026-05-10 09:20:56,341 - services.sentiment_service - ERROR - Error analyzing comment: 
**********************************************************************
  Resource 'punkt_tab' not found.
  Please use the NLTK Downloader to obtain the resource:

  >>> import nltk
  >>> nltk.download('punkt_tab')

  For more information see: https://www.nltk.org/data.html

  Attempted to load 'tokenizers/punkt_tab/english/'

  Searched in:
    - 'C:\\Users\\Rivith Ranjuna/nltk_data'
    - 'C:\\Users\\Rivith Ranjuna\\OneDrive\\Desktop\\movie-trailer-analyzer-frontend\\backend\\venv\\nltk_data'
    - 'C:\\Users\\Rivith Ranjuna\\OneDrive\\Desktop\\movie-trailer-analyzer-frontend\\backend\\venv\\share\\nltk_data'
    - 'C:\\Users\\Rivith Ranjuna\\OneDrive\\Desktop\\movie-trailer-analyzer-frontend\\backend\\venv\\lib\\nltk_data'
    - 'C:\\Users\\Rivith Ranjuna\\AppData\\Roaming\\nltk_data'
    - 'C:\\nltk_data'
    - 'D:\\nltk_data'
    - 'E:\\nltk_data'
**********************************************************************

2026-05-10 09:20:56,341 - services.sentiment_service - ERROR - Error analyzing comment: 
**********************************************************************
  Resource 'punkt_tab' not found.
  Please use the NLTK Downloader to obtain the resource:

  >>> import nltk
  >>> nltk.download('punkt_tab')

  For more information see: https://www.nltk.org/data.html

  Attempted to load 'tokenizers/punkt_tab/english/'

  Searched in:
    - 'C:\\Users\\Rivith Ranjuna/nltk_data'
    - 'C:\\Users\\Rivith Ranjuna\\OneDrive\\Desktop\\movie-trailer-analyzer-frontend\\backend\\venv\\nltk_data'
    - 'C:\\Users\\Rivith Ranjuna\\OneDrive\\Desktop\\movie-trailer-analyzer-frontend\\backend\\venv\\share\\nltk_data'
    - 'C:\\Users\\Rivith Ranjuna\\OneDrive\\Desktop\\movie-trailer-analyzer-frontend\\backend\\venv\\lib\\nltk_data'
    - 'C:\\Users\\Rivith Ranjuna\\AppData\\Roaming\\nltk_data'
    - 'C:\\nltk_data'
    - 'D:\\nltk_data'
    - 'E:\\nltk_data'
**********************************************************************

2026-05-10 09:20:56,343 - services.sentiment_service - ERROR - Error analyzing comment: 
**********************************************************************
  Resource 'punkt_tab' not found.
  Please use the NLTK Downloader to obtain the resource:

  >>> import nltk
  >>> nltk.download('punkt_tab')

  For more information see: https://www.nltk.org/data.html

  Attempted to load 'tokenizers/punkt_tab/english/'

  Searched in:
    - 'C:\\Users\\Rivith Ranjuna/nltk_data'
    - 'C:\\Users\\Rivith Ranjuna\\OneDrive\\Desktop\\movie-trailer-analyzer-frontend\\backend\\venv\\nltk_data'
    - 'C:\\Users\\Rivith Ranjuna\\OneDrive\\Desktop\\movie-trailer-analyzer-frontend\\backend\\venv\\share\\nltk_data'
    - 'C:\\Users\\Rivith Ranjuna\\OneDrive\\Desktop\\movie-trailer-analyzer-frontend\\backend\\venv\\lib\\nltk_data'
    - 'C:\\Users\\Rivith Ranjuna\\AppData\\Roaming\\nltk_data'
    - 'C:\\nltk_data'
    - 'D:\\nltk_data'
    - 'E:\\nltk_data'
**********************************************************************

2026-05-10 09:20:56,343 - services.sentiment_service - ERROR - Error analyzing comment: 
**********************************************************************
  Resource 'punkt_tab' not found.
  Please use the NLTK Downloader to obtain the resource:

  >>> import nltk
  >>> nltk.download('punkt_tab')

  For more information see: https://www.nltk.org/data.html

  Attempted to load 'tokenizers/punkt_tab/english/'

  Searched in:
    - 'C:\\Users\\Rivith Ranjuna/nltk_data'
    - 'C:\\Users\\Rivith Ranjuna\\OneDrive\\Desktop\\movie-trailer-analyzer-frontend\\backend\\venv\\nltk_data'
    - 'C:\\Users\\Rivith Ranjuna\\OneDrive\\Desktop\\movie-trailer-analyzer-frontend\\backend\\venv\\share\\nltk_data'
    - 'C:\\Users\\Rivith Ranjuna\\OneDrive\\Desktop\\movie-trailer-analyzer-frontend\\backend\\venv\\lib\\nltk_data'
    - 'C:\\Users\\Rivith Ranjuna\\AppData\\Roaming\\nltk_data'
    - 'C:\\nltk_data'
    - 'D:\\nltk_data'
    - 'E:\\nltk_data'
**********************************************************************

2026-05-10 09:20:56,345 - services.sentiment_service - ERROR - Error analyzing comment: 
**********************************************************************
  Resource 'punkt_tab' not found.
  Please use the NLTK Downloader to obtain the resource:

  >>> import nltk
  >>> nltk.download('punkt_tab')

  For more information see: https://www.nltk.org/data.html

  Attempted to load 'tokenizers/punkt_tab/english/'

  Searched in:
    - 'C:\\Users\\Rivith Ranjuna/nltk_data'
    - 'C:\\Users\\Rivith Ranjuna\\OneDrive\\Desktop\\movie-trailer-analyzer-frontend\\backend\\venv\\nltk_data'
    - 'C:\\Users\\Rivith Ranjuna\\OneDrive\\Desktop\\movie-trailer-analyzer-frontend\\backend\\venv\\share\\nltk_data'
    - 'C:\\Users\\Rivith Ranjuna\\OneDrive\\Desktop\\movie-trailer-analyzer-frontend\\backend\\venv\\lib\\nltk_data'
    - 'C:\\Users\\Rivith Ranjuna\\AppData\\Roaming\\nltk_data'
    - 'C:\\nltk_data'
    - 'D:\\nltk_data'
    - 'E:\\nltk_data'
**********************************************************************

2026-05-10 09:20:56,345 - services.sentiment_service - ERROR - Error analyzing comment: 
**********************************************************************
  Resource 'punkt_tab' not found.
  Please use the NLTK Downloader to obtain the resource:

  >>> import nltk
  >>> nltk.download('punkt_tab')

  For more information see: https://www.nltk.org/data.html

  Attempted to load 'tokenizers/punkt_tab/english/'

  Searched in:
    - 'C:\\Users\\Rivith Ranjuna/nltk_data'
    - 'C:\\Users\\Rivith Ranjuna\\OneDrive\\Desktop\\movie-trailer-analyzer-frontend\\backend\\venv\\nltk_data'
    - 'C:\\Users\\Rivith Ranjuna\\OneDrive\\Desktop\\movie-trailer-analyzer-frontend\\backend\\venv\\share\\nltk_data'
    - 'C:\\Users\\Rivith Ranjuna\\OneDrive\\Desktop\\movie-trailer-analyzer-frontend\\backend\\venv\\lib\\nltk_data'
    - 'C:\\Users\\Rivith Ranjuna\\AppData\\Roaming\\nltk_data'
    - 'C:\\nltk_data'
    - 'D:\\nltk_data'
    - 'E:\\nltk_data'
**********************************************************************

2026-05-10 09:20:56,347 - services.sentiment_service - ERROR - Error analyzing comment: 
**********************************************************************
  Resource 'punkt_tab' not found.
  Please use the NLTK Downloader to obtain the resource:

  >>> import nltk
  >>> nltk.download('punkt_tab')

  For more information see: https://www.nltk.org/data.html

  Attempted to load 'tokenizers/punkt_tab/english/'

  Searched in:
    - 'C:\\Users\\Rivith Ranjuna/nltk_data'
    - 'C:\\Users\\Rivith Ranjuna\\OneDrive\\Desktop\\movie-trailer-analyzer-frontend\\backend\\venv\\nltk_data'
    - 'C:\\Users\\Rivith Ranjuna\\OneDrive\\Desktop\\movie-trailer-analyzer-frontend\\backend\\venv\\share\\nltk_data'
    - 'C:\\Users\\Rivith Ranjuna\\OneDrive\\Desktop\\movie-trailer-analyzer-frontend\\backend\\venv\\lib\\nltk_data'
    - 'C:\\Users\\Rivith Ranjuna\\AppData\\Roaming\\nltk_data'
    - 'C:\\nltk_data'
    - 'D:\\nltk_data'
    - 'E:\\nltk_data'
**********************************************************************

2026-05-10 09:20:56,347 - services.sentiment_service - ERROR - Error analyzing comment: 
**********************************************************************
  Resource 'punkt_tab' not found.
  Please use the NLTK Downloader to obtain the resource:

  >>> import nltk
  >>> nltk.download('punkt_tab')

  For more information see: https://www.nltk.org/data.html

  Attempted to load 'tokenizers/punkt_tab/english/'

  Searched in:
    - 'C:\\Users\\Rivith Ranjuna/nltk_data'
    - 'C:\\Users\\Rivith Ranjuna\\OneDrive\\Desktop\\movie-trailer-analyzer-frontend\\backend\\venv\\nltk_data'
    - 'C:\\Users\\Rivith Ranjuna\\OneDrive\\Desktop\\movie-trailer-analyzer-frontend\\backend\\venv\\share\\nltk_data'
    - 'C:\\Users\\Rivith Ranjuna\\OneDrive\\Desktop\\movie-trailer-analyzer-frontend\\backend\\venv\\lib\\nltk_data'
    - 'C:\\Users\\Rivith Ranjuna\\AppData\\Roaming\\nltk_data'
    - 'C:\\nltk_data'
    - 'D:\\nltk_data'
    - 'E:\\nltk_data'
**********************************************************************

2026-05-10 09:20:56,349 - services.sentiment_service - ERROR - Error analyzing comment: 
**********************************************************************
  Resource 'punkt_tab' not found.
  Please use the NLTK Downloader to obtain the resource:

  >>> import nltk
  >>> nltk.download('punkt_tab')

  For more information see: https://www.nltk.org/data.html

  Attempted to load 'tokenizers/punkt_tab/english/'

  Searched in:
    - 'C:\\Users\\Rivith Ranjuna/nltk_data'
    - 'C:\\Users\\Rivith Ranjuna\\OneDrive\\Desktop\\movie-trailer-analyzer-frontend\\backend\\venv\\nltk_data'
    - 'C:\\Users\\Rivith Ranjuna\\OneDrive\\Desktop\\movie-trailer-analyzer-frontend\\backend\\venv\\share\\nltk_data'
    - 'C:\\Users\\Rivith Ranjuna\\OneDrive\\Desktop\\movie-trailer-analyzer-frontend\\backend\\venv\\lib\\nltk_data'
    - 'C:\\Users\\Rivith Ranjuna\\AppData\\Roaming\\nltk_data'
    - 'C:\\nltk_data'
    - 'D:\\nltk_data'
    - 'E:\\nltk_data'
**********************************************************************

2026-05-10 09:20:56,349 - services.sentiment_service - ERROR - Error analyzing comment: 
**********************************************************************
  Resource 'punkt_tab' not found.
  Please use the NLTK Downloader to obtain the resource:

  >>> import nltk
  >>> nltk.download('punkt_tab')

  For more information see: https://www.nltk.org/data.html

  Attempted to load 'tokenizers/punkt_tab/english/'

  Searched in:
    - 'C:\\Users\\Rivith Ranjuna/nltk_data'
    - 'C:\\Users\\Rivith Ranjuna\\OneDrive\\Desktop\\movie-trailer-analyzer-frontend\\backend\\venv\\nltk_data'
    - 'C:\\Users\\Rivith Ranjuna\\OneDrive\\Desktop\\movie-trailer-analyzer-frontend\\backend\\venv\\share\\nltk_data'
    - 'C:\\Users\\Rivith Ranjuna\\OneDrive\\Desktop\\movie-trailer-analyzer-frontend\\backend\\venv\\lib\\nltk_data'
    - 'C:\\Users\\Rivith Ranjuna\\AppData\\Roaming\\nltk_data'
    - 'C:\\nltk_data'
    - 'D:\\nltk_data'
    - 'E:\\nltk_data'
**********************************************************************

2026-05-10 09:20:56,350 - services.firebase_service - WARNING - Firebase not configured, skipping save
2026-05-10 09:20:56,350 - services.firebase_service - WARNING - Firebase not configured, skipping save
2026-05-10 09:20:56,350 - root - INFO - Response: 200
2026-05-10 09:20:56,350 - root - INFO - Response: 200
2026-05-10 09:20:56,351 - werkzeug - INFO - 127.0.0.1 - - [10/May/2026 09:20:56] "POST /api/sentiment/analyze HTTP/1.1" 200 -
2026-05-10 09:20:56,351 - werkzeug - INFO - 127.0.0.1 - - [10/May/2026 09:20:56] "POST /api/sentiment/analyze HTTP/1.1" 200 -
2026-05-10 09:21:53,810 - root - INFO - Request: OPTIONS /api/sentiment/analyze
2026-05-10 09:21:53,810 - root - INFO - Request: OPTIONS /api/sentiment/analyze
2026-05-10 09:21:53,811 - root - INFO - Response: 200
2026-05-10 09:21:53,811 - root - INFO - Response: 200
2026-05-10 09:21:53,811 - werkzeug - INFO - 127.0.0.1 - - [10/May/2026 09:21:53] "OPTIONS /api/sentiment/analyze HTTP/1.1" 200 -
2026-05-10 09:21:53,811 - werkzeug - INFO - 127.0.0.1 - - [10/May/2026 09:21:53] "OPTIONS /api/sentiment/analyze HTTP/1.1" 200 -
2026-05-10 09:21:54,116 - root - INFO - Request: POST /api/sentiment/analyze
2026-05-10 09:21:54,116 - root - INFO - Request: POST /api/sentiment/analyze
2026-05-10 09:21:54,118 - services.sentiment_service - ERROR - Error analyzing comment: 
**********************************************************************
  Resource 'punkt_tab' not found.
  Please use the NLTK Downloader to obtain the resource:

  >>> import nltk
  >>> nltk.download('punkt_tab')

  For more information see: https://www.nltk.org/data.html

  Attempted to load 'tokenizers/punkt_tab/english/'

  Searched in:
    - 'C:\\Users\\Rivith Ranjuna/nltk_data'
    - 'C:\\Users\\Rivith Ranjuna\\OneDrive\\Desktop\\movie-trailer-analyzer-frontend\\backend\\venv\\nltk_data'
    - 'C:\\Users\\Rivith Ranjuna\\OneDrive\\Desktop\\movie-trailer-analyzer-frontend\\backend\\venv\\share\\nltk_data'
    - 'C:\\Users\\Rivith Ranjuna\\OneDrive\\Desktop\\movie-trailer-analyzer-frontend\\backend\\venv\\lib\\nltk_data'
    - 'C:\\Users\\Rivith Ranjuna\\AppData\\Roaming\\nltk_data'
    - 'C:\\nltk_data'
    - 'D:\\nltk_data'
    - 'E:\\nltk_data'
**********************************************************************

2026-05-10 09:21:54,118 - services.sentiment_service - ERROR - Error analyzing comment: 
**********************************************************************
  Resource 'punkt_tab' not found.
  Please use the NLTK Downloader to obtain the resource:

  >>> import nltk
  >>> nltk.download('punkt_tab')

  For more information see: https://www.nltk.org/data.html

  Attempted to load 'tokenizers/punkt_tab/english/'

  Searched in:
    - 'C:\\Users\\Rivith Ranjuna/nltk_data'
    - 'C:\\Users\\Rivith Ranjuna\\OneDrive\\Desktop\\movie-trailer-analyzer-frontend\\backend\\venv\\nltk_data'
    - 'C:\\Users\\Rivith Ranjuna\\OneDrive\\Desktop\\movie-trailer-analyzer-frontend\\backend\\venv\\share\\nltk_data'
    - 'C:\\Users\\Rivith Ranjuna\\OneDrive\\Desktop\\movie-trailer-analyzer-frontend\\backend\\venv\\lib\\nltk_data'
    - 'C:\\Users\\Rivith Ranjuna\\AppData\\Roaming\\nltk_data'
    - 'C:\\nltk_data'
    - 'D:\\nltk_data'
    - 'E:\\nltk_data'
**********************************************************************

2026-05-10 09:21:54,120 - services.sentiment_service - ERROR - Error analyzing comment: 
**********************************************************************
  Resource 'punkt_tab' not found.
  Please use the NLTK Downloader to obtain the resource:

  >>> import nltk
  >>> nltk.download('punkt_tab')

  For more information see: https://www.nltk.org/data.html

  Attempted to load 'tokenizers/punkt_tab/english/'

  Searched in:
    - 'C:\\Users\\Rivith Ranjuna/nltk_data'
    - 'C:\\Users\\Rivith Ranjuna\\OneDrive\\Desktop\\movie-trailer-analyzer-frontend\\backend\\venv\\nltk_data'
    - 'C:\\Users\\Rivith Ranjuna\\OneDrive\\Desktop\\movie-trailer-analyzer-frontend\\backend\\venv\\share\\nltk_data'
    - 'C:\\Users\\Rivith Ranjuna\\OneDrive\\Desktop\\movie-trailer-analyzer-frontend\\backend\\venv\\lib\\nltk_data'
    - 'C:\\Users\\Rivith Ranjuna\\AppData\\Roaming\\nltk_data'
    - 'C:\\nltk_data'
    - 'D:\\nltk_data'
    - 'E:\\nltk_data'
**********************************************************************

2026-05-10 09:21:54,120 - services.sentiment_service - ERROR - Error analyzing comment: 
**********************************************************************
  Resource 'punkt_tab' not found.
  Please use the NLTK Downloader to obtain the resource:

  >>> import nltk
  >>> nltk.download('punkt_tab')

  For more information see: https://www.nltk.org/data.html

  Attempted to load 'tokenizers/punkt_tab/english/'

  Searched in:
    - 'C:\\Users\\Rivith Ranjuna/nltk_data'
    - 'C:\\Users\\Rivith Ranjuna\\OneDrive\\Desktop\\movie-trailer-analyzer-frontend\\backend\\venv\\nltk_data'
    - 'C:\\Users\\Rivith Ranjuna\\OneDrive\\Desktop\\movie-trailer-analyzer-frontend\\backend\\venv\\share\\nltk_data'
    - 'C:\\Users\\Rivith Ranjuna\\OneDrive\\Desktop\\movie-trailer-analyzer-frontend\\backend\\venv\\lib\\nltk_data'
    - 'C:\\Users\\Rivith Ranjuna\\AppData\\Roaming\\nltk_data'
    - 'C:\\nltk_data'
    - 'D:\\nltk_data'
    - 'E:\\nltk_data'
**********************************************************************

2026-05-10 09:21:54,122 - services.sentiment_service - ERROR - Error analyzing comment: 
**********************************************************************
  Resource 'punkt_tab' not found.
  Please use the NLTK Downloader to obtain the resource:

  >>> import nltk
  >>> nltk.download('punkt_tab')

  For more information see: https://www.nltk.org/data.html

  Attempted to load 'tokenizers/punkt_tab/english/'

  Searched in:
    - 'C:\\Users\\Rivith Ranjuna/nltk_data'
    - 'C:\\Users\\Rivith Ranjuna\\OneDrive\\Desktop\\movie-trailer-analyzer-frontend\\backend\\venv\\nltk_data'
    - 'C:\\Users\\Rivith Ranjuna\\OneDrive\\Desktop\\movie-trailer-analyzer-frontend\\backend\\venv\\share\\nltk_data'
    - 'C:\\Users\\Rivith Ranjuna\\OneDrive\\Desktop\\movie-trailer-analyzer-frontend\\backend\\venv\\lib\\nltk_data'
    - 'C:\\Users\\Rivith Ranjuna\\AppData\\Roaming\\nltk_data'
    - 'C:\\nltk_data'
    - 'D:\\nltk_data'
    - 'E:\\nltk_data'
**********************************************************************

2026-05-10 09:21:54,122 - services.sentiment_service - ERROR - Error analyzing comment: 
**********************************************************************
  Resource 'punkt_tab' not found.
  Please use the NLTK Downloader to obtain the resource:

  >>> import nltk
  >>> nltk.download('punkt_tab')

  For more information see: https://www.nltk.org/data.html

  Attempted to load 'tokenizers/punkt_tab/english/'

  Searched in:
    - 'C:\\Users\\Rivith Ranjuna/nltk_data'
    - 'C:\\Users\\Rivith Ranjuna\\OneDrive\\Desktop\\movie-trailer-analyzer-frontend\\backend\\venv\\nltk_data'
    - 'C:\\Users\\Rivith Ranjuna\\OneDrive\\Desktop\\movie-trailer-analyzer-frontend\\backend\\venv\\share\\nltk_data'
    - 'C:\\Users\\Rivith Ranjuna\\OneDrive\\Desktop\\movie-trailer-analyzer-frontend\\backend\\venv\\lib\\nltk_data'
    - 'C:\\Users\\Rivith Ranjuna\\AppData\\Roaming\\nltk_data'
    - 'C:\\nltk_data'
    - 'D:\\nltk_data'
    - 'E:\\nltk_data'
**********************************************************************

2026-05-10 09:21:54,123 - services.sentiment_service - ERROR - Error analyzing comment: 
**********************************************************************
  Resource 'punkt_tab' not found.
  Please use the NLTK Downloader to obtain the resource:

  >>> import nltk
  >>> nltk.download('punkt_tab')

  For more information see: https://www.nltk.org/data.html

  Attempted to load 'tokenizers/punkt_tab/english/'

  Searched in:
    - 'C:\\Users\\Rivith Ranjuna/nltk_data'
    - 'C:\\Users\\Rivith Ranjuna\\OneDrive\\Desktop\\movie-trailer-analyzer-frontend\\backend\\venv\\nltk_data'
    - 'C:\\Users\\Rivith Ranjuna\\OneDrive\\Desktop\\movie-trailer-analyzer-frontend\\backend\\venv\\share\\nltk_data'
    - 'C:\\Users\\Rivith Ranjuna\\OneDrive\\Desktop\\movie-trailer-analyzer-frontend\\backend\\venv\\lib\\nltk_data'
    - 'C:\\Users\\Rivith Ranjuna\\AppData\\Roaming\\nltk_data'
    - 'C:\\nltk_data'
    - 'D:\\nltk_data'
    - 'E:\\nltk_data'
**********************************************************************

2026-05-10 09:21:54,123 - services.sentiment_service - ERROR - Error analyzing comment: 
**********************************************************************
  Resource 'punkt_tab' not found.
  Please use the NLTK Downloader to obtain the resource:

  >>> import nltk
  >>> nltk.download('punkt_tab')

  For more information see: https://www.nltk.org/data.html

  Attempted to load 'tokenizers/punkt_tab/english/'

  Searched in:
    - 'C:\\Users\\Rivith Ranjuna/nltk_data'
    - 'C:\\Users\\Rivith Ranjuna\\OneDrive\\Desktop\\movie-trailer-analyzer-frontend\\backend\\venv\\nltk_data'
    - 'C:\\Users\\Rivith Ranjuna\\OneDrive\\Desktop\\movie-trailer-analyzer-frontend\\backend\\venv\\share\\nltk_data'
    - 'C:\\Users\\Rivith Ranjuna\\OneDrive\\Desktop\\movie-trailer-analyzer-frontend\\backend\\venv\\lib\\nltk_data'
    - 'C:\\Users\\Rivith Ranjuna\\AppData\\Roaming\\nltk_data'
    - 'C:\\nltk_data'
    - 'D:\\nltk_data'
    - 'E:\\nltk_data'
**********************************************************************

2026-05-10 09:21:54,126 - services.sentiment_service - ERROR - Error analyzing comment: 
**********************************************************************
  Resource 'punkt_tab' not found.
  Please use the NLTK Downloader to obtain the resource:

  >>> import nltk
  >>> nltk.download('punkt_tab')

  For more information see: https://www.nltk.org/data.html

  Attempted to load 'tokenizers/punkt_tab/english/'

  Searched in:
    - 'C:\\Users\\Rivith Ranjuna/nltk_data'
    - 'C:\\Users\\Rivith Ranjuna\\OneDrive\\Desktop\\movie-trailer-analyzer-frontend\\backend\\venv\\nltk_data'
    - 'C:\\Users\\Rivith Ranjuna\\OneDrive\\Desktop\\movie-trailer-analyzer-frontend\\backend\\venv\\share\\nltk_data'
    - 'C:\\Users\\Rivith Ranjuna\\OneDrive\\Desktop\\movie-trailer-analyzer-frontend\\backend\\venv\\lib\\nltk_data'
    - 'C:\\Users\\Rivith Ranjuna\\AppData\\Roaming\\nltk_data'
    - 'C:\\nltk_data'
    - 'D:\\nltk_data'
    - 'E:\\nltk_data'
**********************************************************************

2026-05-10 09:21:54,126 - services.sentiment_service - ERROR - Error analyzing comment: 
**********************************************************************
  Resource 'punkt_tab' not found.
  Please use the NLTK Downloader to obtain the resource:

  >>> import nltk
  >>> nltk.download('punkt_tab')

  For more information see: https://www.nltk.org/data.html

  Attempted to load 'tokenizers/punkt_tab/english/'

  Searched in:
    - 'C:\\Users\\Rivith Ranjuna/nltk_data'
    - 'C:\\Users\\Rivith Ranjuna\\OneDrive\\Desktop\\movie-trailer-analyzer-frontend\\backend\\venv\\nltk_data'
    - 'C:\\Users\\Rivith Ranjuna\\OneDrive\\Desktop\\movie-trailer-analyzer-frontend\\backend\\venv\\share\\nltk_data'
    - 'C:\\Users\\Rivith Ranjuna\\OneDrive\\Desktop\\movie-trailer-analyzer-frontend\\backend\\venv\\lib\\nltk_data'
    - 'C:\\Users\\Rivith Ranjuna\\AppData\\Roaming\\nltk_data'
    - 'C:\\nltk_data'
    - 'D:\\nltk_data'
    - 'E:\\nltk_data'
**********************************************************************

2026-05-10 09:21:54,128 - services.sentiment_service - ERROR - Error analyzing comment: 
**********************************************************************
  Resource 'punkt_tab' not found.
  Please use the NLTK Downloader to obtain the resource:

  >>> import nltk
  >>> nltk.download('punkt_tab')

  For more information see: https://www.nltk.org/data.html

  Attempted to load 'tokenizers/punkt_tab/english/'

  Searched in:
    - 'C:\\Users\\Rivith Ranjuna/nltk_data'
    - 'C:\\Users\\Rivith Ranjuna\\OneDrive\\Desktop\\movie-trailer-analyzer-frontend\\backend\\venv\\nltk_data'
    - 'C:\\Users\\Rivith Ranjuna\\OneDrive\\Desktop\\movie-trailer-analyzer-frontend\\backend\\venv\\share\\nltk_data'
    - 'C:\\Users\\Rivith Ranjuna\\OneDrive\\Desktop\\movie-trailer-analyzer-frontend\\backend\\venv\\lib\\nltk_data'
    - 'C:\\Users\\Rivith Ranjuna\\AppData\\Roaming\\nltk_data'
    - 'C:\\nltk_data'
    - 'D:\\nltk_data'
    - 'E:\\nltk_data'
**********************************************************************

2026-05-10 09:21:54,128 - services.sentiment_service - ERROR - Error analyzing comment: 
**********************************************************************
  Resource 'punkt_tab' not found.
  Please use the NLTK Downloader to obtain the resource:

  >>> import nltk
  >>> nltk.download('punkt_tab')

  For more information see: https://www.nltk.org/data.html

  Attempted to load 'tokenizers/punkt_tab/english/'

  Searched in:
    - 'C:\\Users\\Rivith Ranjuna/nltk_data'
    - 'C:\\Users\\Rivith Ranjuna\\OneDrive\\Desktop\\movie-trailer-analyzer-frontend\\backend\\venv\\nltk_data'
    - 'C:\\Users\\Rivith Ranjuna\\OneDrive\\Desktop\\movie-trailer-analyzer-frontend\\backend\\venv\\share\\nltk_data'
    - 'C:\\Users\\Rivith Ranjuna\\OneDrive\\Desktop\\movie-trailer-analyzer-frontend\\backend\\venv\\lib\\nltk_data'
    - 'C:\\Users\\Rivith Ranjuna\\AppData\\Roaming\\nltk_data'
    - 'C:\\nltk_data'
    - 'D:\\nltk_data'
    - 'E:\\nltk_data'
**********************************************************************

2026-05-10 09:21:54,130 - services.sentiment_service - ERROR - Error analyzing comment: 
**********************************************************************
  Resource 'punkt_tab' not found.
  Please use the NLTK Downloader to obtain the resource:

  >>> import nltk
  >>> nltk.download('punkt_tab')

  For more information see: https://www.nltk.org/data.html

  Attempted to load 'tokenizers/punkt_tab/english/'

  Searched in:
    - 'C:\\Users\\Rivith Ranjuna/nltk_data'
    - 'C:\\Users\\Rivith Ranjuna\\OneDrive\\Desktop\\movie-trailer-analyzer-frontend\\backend\\venv\\nltk_data'
    - 'C:\\Users\\Rivith Ranjuna\\OneDrive\\Desktop\\movie-trailer-analyzer-frontend\\backend\\venv\\share\\nltk_data'
    - 'C:\\Users\\Rivith Ranjuna\\OneDrive\\Desktop\\movie-trailer-analyzer-frontend\\backend\\venv\\lib\\nltk_data'
    - 'C:\\Users\\Rivith Ranjuna\\AppData\\Roaming\\nltk_data'
    - 'C:\\nltk_data'
    - 'D:\\nltk_data'
    - 'E:\\nltk_data'
**********************************************************************

2026-05-10 09:21:54,130 - services.sentiment_service - ERROR - Error analyzing comment: 
**********************************************************************
  Resource 'punkt_tab' not found.
  Please use the NLTK Downloader to obtain the resource:

  >>> import nltk
  >>> nltk.download('punkt_tab')

  For more information see: https://www.nltk.org/data.html

  Attempted to load 'tokenizers/punkt_tab/english/'

  Searched in:
    - 'C:\\Users\\Rivith Ranjuna/nltk_data'
    - 'C:\\Users\\Rivith Ranjuna\\OneDrive\\Desktop\\movie-trailer-analyzer-frontend\\backend\\venv\\nltk_data'
    - 'C:\\Users\\Rivith Ranjuna\\OneDrive\\Desktop\\movie-trailer-analyzer-frontend\\backend\\venv\\share\\nltk_data'
    - 'C:\\Users\\Rivith Ranjuna\\OneDrive\\Desktop\\movie-trailer-analyzer-frontend\\backend\\venv\\lib\\nltk_data'
    - 'C:\\Users\\Rivith Ranjuna\\AppData\\Roaming\\nltk_data'
    - 'C:\\nltk_data'
    - 'D:\\nltk_data'
    - 'E:\\nltk_data'
**********************************************************************

2026-05-10 09:21:54,132 - services.sentiment_service - ERROR - Error analyzing comment: 
**********************************************************************
  Resource 'punkt_tab' not found.
  Please use the NLTK Downloader to obtain the resource:

  >>> import nltk
  >>> nltk.download('punkt_tab')

  For more information see: https://www.nltk.org/data.html

  Attempted to load 'tokenizers/punkt_tab/english/'

  Searched in:
    - 'C:\\Users\\Rivith Ranjuna/nltk_data'
    - 'C:\\Users\\Rivith Ranjuna\\OneDrive\\Desktop\\movie-trailer-analyzer-frontend\\backend\\venv\\nltk_data'
    - 'C:\\Users\\Rivith Ranjuna\\OneDrive\\Desktop\\movie-trailer-analyzer-frontend\\backend\\venv\\share\\nltk_data'
    - 'C:\\Users\\Rivith Ranjuna\\OneDrive\\Desktop\\movie-trailer-analyzer-frontend\\backend\\venv\\lib\\nltk_data'
    - 'C:\\Users\\Rivith Ranjuna\\AppData\\Roaming\\nltk_data'
    - 'C:\\nltk_data'
    - 'D:\\nltk_data'
    - 'E:\\nltk_data'
**********************************************************************

2026-05-10 09:21:54,132 - services.sentiment_service - ERROR - Error analyzing comment: 
**********************************************************************
  Resource 'punkt_tab' not found.
  Please use the NLTK Downloader to obtain the resource:

  >>> import nltk
  >>> nltk.download('punkt_tab')

  For more information see: https://www.nltk.org/data.html

  Attempted to load 'tokenizers/punkt_tab/english/'

  Searched in:
    - 'C:\\Users\\Rivith Ranjuna/nltk_data'
    - 'C:\\Users\\Rivith Ranjuna\\OneDrive\\Desktop\\movie-trailer-analyzer-frontend\\backend\\venv\\nltk_data'
    - 'C:\\Users\\Rivith Ranjuna\\OneDrive\\Desktop\\movie-trailer-analyzer-frontend\\backend\\venv\\share\\nltk_data'
    - 'C:\\Users\\Rivith Ranjuna\\OneDrive\\Desktop\\movie-trailer-analyzer-frontend\\backend\\venv\\lib\\nltk_data'
    - 'C:\\Users\\Rivith Ranjuna\\AppData\\Roaming\\nltk_data'
    - 'C:\\nltk_data'
    - 'D:\\nltk_data'
    - 'E:\\nltk_data'
**********************************************************************

2026-05-10 09:21:54,133 - services.sentiment_service - ERROR - Error analyzing comment: 
**********************************************************************
  Resource 'punkt_tab' not found.
  Please use the NLTK Downloader to obtain the resource:

  >>> import nltk
  >>> nltk.download('punkt_tab')

  For more information see: https://www.nltk.org/data.html

  Attempted to load 'tokenizers/punkt_tab/english/'

  Searched in:
    - 'C:\\Users\\Rivith Ranjuna/nltk_data'
    - 'C:\\Users\\Rivith Ranjuna\\OneDrive\\Desktop\\movie-trailer-analyzer-frontend\\backend\\venv\\nltk_data'
    - 'C:\\Users\\Rivith Ranjuna\\OneDrive\\Desktop\\movie-trailer-analyzer-frontend\\backend\\venv\\share\\nltk_data'
    - 'C:\\Users\\Rivith Ranjuna\\OneDrive\\Desktop\\movie-trailer-analyzer-frontend\\backend\\venv\\lib\\nltk_data'
    - 'C:\\Users\\Rivith Ranjuna\\AppData\\Roaming\\nltk_data'
    - 'C:\\nltk_data'
    - 'D:\\nltk_data'
    - 'E:\\nltk_data'
**********************************************************************

2026-05-10 09:21:54,133 - services.sentiment_service - ERROR - Error analyzing comment: 
**********************************************************************
  Resource 'punkt_tab' not found.
  Please use the NLTK Downloader to obtain the resource:

  >>> import nltk
  >>> nltk.download('punkt_tab')

  For more information see: https://www.nltk.org/data.html

  Attempted to load 'tokenizers/punkt_tab/english/'

  Searched in:
    - 'C:\\Users\\Rivith Ranjuna/nltk_data'
    - 'C:\\Users\\Rivith Ranjuna\\OneDrive\\Desktop\\movie-trailer-analyzer-frontend\\backend\\venv\\nltk_data'
    - 'C:\\Users\\Rivith Ranjuna\\OneDrive\\Desktop\\movie-trailer-analyzer-frontend\\backend\\venv\\share\\nltk_data'
    - 'C:\\Users\\Rivith Ranjuna\\OneDrive\\Desktop\\movie-trailer-analyzer-frontend\\backend\\venv\\lib\\nltk_data'
    - 'C:\\Users\\Rivith Ranjuna\\AppData\\Roaming\\nltk_data'
    - 'C:\\nltk_data'
    - 'D:\\nltk_data'
    - 'E:\\nltk_data'
**********************************************************************

2026-05-10 09:21:54,135 - services.sentiment_service - ERROR - Error analyzing comment: 
**********************************************************************
  Resource 'punkt_tab' not found.
  Please use the NLTK Downloader to obtain the resource:

  >>> import nltk
  >>> nltk.download('punkt_tab')

  For more information see: https://www.nltk.org/data.html

  Attempted to load 'tokenizers/punkt_tab/english/'

  Searched in:
    - 'C:\\Users\\Rivith Ranjuna/nltk_data'
    - 'C:\\Users\\Rivith Ranjuna\\OneDrive\\Desktop\\movie-trailer-analyzer-frontend\\backend\\venv\\nltk_data'
    - 'C:\\Users\\Rivith Ranjuna\\OneDrive\\Desktop\\movie-trailer-analyzer-frontend\\backend\\venv\\share\\nltk_data'
    - 'C:\\Users\\Rivith Ranjuna\\OneDrive\\Desktop\\movie-trailer-analyzer-frontend\\backend\\venv\\lib\\nltk_data'
    - 'C:\\Users\\Rivith Ranjuna\\AppData\\Roaming\\nltk_data'
    - 'C:\\nltk_data'
    - 'D:\\nltk_data'
    - 'E:\\nltk_data'
**********************************************************************

2026-05-10 09:21:54,135 - services.sentiment_service - ERROR - Error analyzing comment: 
**********************************************************************
  Resource 'punkt_tab' not found.
  Please use the NLTK Downloader to obtain the resource:

  >>> import nltk
  >>> nltk.download('punkt_tab')

  For more information see: https://www.nltk.org/data.html

  Attempted to load 'tokenizers/punkt_tab/english/'

  Searched in:
    - 'C:\\Users\\Rivith Ranjuna/nltk_data'
    - 'C:\\Users\\Rivith Ranjuna\\OneDrive\\Desktop\\movie-trailer-analyzer-frontend\\backend\\venv\\nltk_data'
    - 'C:\\Users\\Rivith Ranjuna\\OneDrive\\Desktop\\movie-trailer-analyzer-frontend\\backend\\venv\\share\\nltk_data'
    - 'C:\\Users\\Rivith Ranjuna\\OneDrive\\Desktop\\movie-trailer-analyzer-frontend\\backend\\venv\\lib\\nltk_data'
    - 'C:\\Users\\Rivith Ranjuna\\AppData\\Roaming\\nltk_data'
    - 'C:\\nltk_data'
    - 'D:\\nltk_data'
    - 'E:\\nltk_data'
**********************************************************************

2026-05-10 09:21:54,135 - services.firebase_service - WARNING - Firebase not configured, skipping save
2026-05-10 09:21:54,135 - services.firebase_service - WARNING - Firebase not configured, skipping save
2026-05-10 09:21:54,136 - root - INFO - Response: 200
2026-05-10 09:21:54,136 - root - INFO - Response: 200
2026-05-10 09:21:54,137 - werkzeug - INFO - 127.0.0.1 - - [10/May/2026 09:21:54] "POST /api/sentiment/analyze HTTP/1.1" 200 -
2026-05-10 09:21:54,137 - werkzeug - INFO - 127.0.0.1 - - [10/May/2026 09:21:54] "POST /api/sentiment/analyze HTTP/1.1" 200 -
2026-05-10 09:22:58,807 - root - INFO - Request: OPTIONS /api/sentiment/analyze
2026-05-10 09:22:58,807 - root - INFO - Request: OPTIONS /api/sentiment/analyze
2026-05-10 09:22:58,807 - root - INFO - Response: 200
2026-05-10 09:22:58,807 - root - INFO - Response: 200
2026-05-10 09:22:58,808 - werkzeug - INFO - 127.0.0.1 - - [10/May/2026 09:22:58] "OPTIONS /api/sentiment/analyze HTTP/1.1" 200 -
2026-05-10 09:22:58,808 - werkzeug - INFO - 127.0.0.1 - - [10/May/2026 09:22:58] "OPTIONS /api/sentiment/analyze HTTP/1.1" 200 -
2026-05-10 09:22:59,058 - root - INFO - Request: POST /api/sentiment/analyze
2026-05-10 09:22:59,058 - root - INFO - Request: POST /api/sentiment/analyze
2026-05-10 09:22:59,060 - services.sentiment_service - ERROR - Error analyzing comment: 
**********************************************************************
  Resource 'punkt_tab' not found.
  Please use the NLTK Downloader to obtain the resource:

  >>> import nltk
  >>> nltk.download('punkt_tab')

  For more information see: https://www.nltk.org/data.html

  Attempted to load 'tokenizers/punkt_tab/english/'

  Searched in:
    - 'C:\\Users\\Rivith Ranjuna/nltk_data'
    - 'C:\\Users\\Rivith Ranjuna\\OneDrive\\Desktop\\movie-trailer-analyzer-frontend\\backend\\venv\\nltk_data'
    - 'C:\\Users\\Rivith Ranjuna\\OneDrive\\Desktop\\movie-trailer-analyzer-frontend\\backend\\venv\\share\\nltk_data'
    - 'C:\\Users\\Rivith Ranjuna\\OneDrive\\Desktop\\movie-trailer-analyzer-frontend\\backend\\venv\\lib\\nltk_data'
    - 'C:\\Users\\Rivith Ranjuna\\AppData\\Roaming\\nltk_data'
    - 'C:\\nltk_data'
    - 'D:\\nltk_data'
    - 'E:\\nltk_data'
**********************************************************************

2026-05-10 09:22:59,060 - services.sentiment_service - ERROR - Error analyzing comment: 
**********************************************************************
  Resource 'punkt_tab' not found.
  Please use the NLTK Downloader to obtain the resource:

  >>> import nltk
  >>> nltk.download('punkt_tab')

  For more information see: https://www.nltk.org/data.html

  Attempted to load 'tokenizers/punkt_tab/english/'

  Searched in:
    - 'C:\\Users\\Rivith Ranjuna/nltk_data'
    - 'C:\\Users\\Rivith Ranjuna\\OneDrive\\Desktop\\movie-trailer-analyzer-frontend\\backend\\venv\\nltk_data'
    - 'C:\\Users\\Rivith Ranjuna\\OneDrive\\Desktop\\movie-trailer-analyzer-frontend\\backend\\venv\\share\\nltk_data'
    - 'C:\\Users\\Rivith Ranjuna\\OneDrive\\Desktop\\movie-trailer-analyzer-frontend\\backend\\venv\\lib\\nltk_data'
    - 'C:\\Users\\Rivith Ranjuna\\AppData\\Roaming\\nltk_data'
    - 'C:\\nltk_data'
    - 'D:\\nltk_data'
    - 'E:\\nltk_data'
**********************************************************************

2026-05-10 09:22:59,062 - services.sentiment_service - ERROR - Error analyzing comment: 
**********************************************************************
  Resource 'punkt_tab' not found.
  Please use the NLTK Downloader to obtain the resource:

  >>> import nltk
  >>> nltk.download('punkt_tab')

  For more information see: https://www.nltk.org/data.html

  Attempted to load 'tokenizers/punkt_tab/english/'

  Searched in:
    - 'C:\\Users\\Rivith Ranjuna/nltk_data'
    - 'C:\\Users\\Rivith Ranjuna\\OneDrive\\Desktop\\movie-trailer-analyzer-frontend\\backend\\venv\\nltk_data'
    - 'C:\\Users\\Rivith Ranjuna\\OneDrive\\Desktop\\movie-trailer-analyzer-frontend\\backend\\venv\\share\\nltk_data'
    - 'C:\\Users\\Rivith Ranjuna\\OneDrive\\Desktop\\movie-trailer-analyzer-frontend\\backend\\venv\\lib\\nltk_data'
    - 'C:\\Users\\Rivith Ranjuna\\AppData\\Roaming\\nltk_data'
    - 'C:\\nltk_data'
    - 'D:\\nltk_data'
    - 'E:\\nltk_data'
**********************************************************************

2026-05-10 09:22:59,062 - services.sentiment_service - ERROR - Error analyzing comment: 
**********************************************************************
  Resource 'punkt_tab' not found.
  Please use the NLTK Downloader to obtain the resource:

  >>> import nltk
  >>> nltk.download('punkt_tab')

  For more information see: https://www.nltk.org/data.html

  Attempted to load 'tokenizers/punkt_tab/english/'

  Searched in:
    - 'C:\\Users\\Rivith Ranjuna/nltk_data'
    - 'C:\\Users\\Rivith Ranjuna\\OneDrive\\Desktop\\movie-trailer-analyzer-frontend\\backend\\venv\\nltk_data'
    - 'C:\\Users\\Rivith Ranjuna\\OneDrive\\Desktop\\movie-trailer-analyzer-frontend\\backend\\venv\\share\\nltk_data'
    - 'C:\\Users\\Rivith Ranjuna\\OneDrive\\Desktop\\movie-trailer-analyzer-frontend\\backend\\venv\\lib\\nltk_data'
    - 'C:\\Users\\Rivith Ranjuna\\AppData\\Roaming\\nltk_data'
    - 'C:\\nltk_data'
    - 'D:\\nltk_data'
    - 'E:\\nltk_data'
**********************************************************************

2026-05-10 09:22:59,064 - services.sentiment_service - ERROR - Error analyzing comment: 
**********************************************************************
  Resource 'punkt_tab' not found.
  Please use the NLTK Downloader to obtain the resource:

  >>> import nltk
  >>> nltk.download('punkt_tab')

  For more information see: https://www.nltk.org/data.html

  Attempted to load 'tokenizers/punkt_tab/english/'

  Searched in:
    - 'C:\\Users\\Rivith Ranjuna/nltk_data'
    - 'C:\\Users\\Rivith Ranjuna\\OneDrive\\Desktop\\movie-trailer-analyzer-frontend\\backend\\venv\\nltk_data'
    - 'C:\\Users\\Rivith Ranjuna\\OneDrive\\Desktop\\movie-trailer-analyzer-frontend\\backend\\venv\\share\\nltk_data'
    - 'C:\\Users\\Rivith Ranjuna\\OneDrive\\Desktop\\movie-trailer-analyzer-frontend\\backend\\venv\\lib\\nltk_data'
    - 'C:\\Users\\Rivith Ranjuna\\AppData\\Roaming\\nltk_data'
    - 'C:\\nltk_data'
    - 'D:\\nltk_data'
    - 'E:\\nltk_data'
**********************************************************************

2026-05-10 09:22:59,064 - services.sentiment_service - ERROR - Error analyzing comment: 
**********************************************************************
  Resource 'punkt_tab' not found.
  Please use the NLTK Downloader to obtain the resource:

  >>> import nltk
  >>> nltk.download('punkt_tab')

  For more information see: https://www.nltk.org/data.html

  Attempted to load 'tokenizers/punkt_tab/english/'

  Searched in:
    - 'C:\\Users\\Rivith Ranjuna/nltk_data'
    - 'C:\\Users\\Rivith Ranjuna\\OneDrive\\Desktop\\movie-trailer-analyzer-frontend\\backend\\venv\\nltk_data'
    - 'C:\\Users\\Rivith Ranjuna\\OneDrive\\Desktop\\movie-trailer-analyzer-frontend\\backend\\venv\\share\\nltk_data'
    - 'C:\\Users\\Rivith Ranjuna\\OneDrive\\Desktop\\movie-trailer-analyzer-frontend\\backend\\venv\\lib\\nltk_data'
    - 'C:\\Users\\Rivith Ranjuna\\AppData\\Roaming\\nltk_data'
    - 'C:\\nltk_data'
    - 'D:\\nltk_data'
    - 'E:\\nltk_data'
**********************************************************************

2026-05-10 09:22:59,066 - services.sentiment_service - ERROR - Error analyzing comment: 
**********************************************************************
  Resource 'punkt_tab' not found.
  Please use the NLTK Downloader to obtain the resource:

  >>> import nltk
  >>> nltk.download('punkt_tab')

  For more information see: https://www.nltk.org/data.html

  Attempted to load 'tokenizers/punkt_tab/english/'

  Searched in:
    - 'C:\\Users\\Rivith Ranjuna/nltk_data'
    - 'C:\\Users\\Rivith Ranjuna\\OneDrive\\Desktop\\movie-trailer-analyzer-frontend\\backend\\venv\\nltk_data'
    - 'C:\\Users\\Rivith Ranjuna\\OneDrive\\Desktop\\movie-trailer-analyzer-frontend\\backend\\venv\\share\\nltk_data'
    - 'C:\\Users\\Rivith Ranjuna\\OneDrive\\Desktop\\movie-trailer-analyzer-frontend\\backend\\venv\\lib\\nltk_data'
    - 'C:\\Users\\Rivith Ranjuna\\AppData\\Roaming\\nltk_data'
    - 'C:\\nltk_data'
    - 'D:\\nltk_data'
    - 'E:\\nltk_data'
**********************************************************************

2026-05-10 09:22:59,066 - services.sentiment_service - ERROR - Error analyzing comment: 
**********************************************************************
  Resource 'punkt_tab' not found.
  Please use the NLTK Downloader to obtain the resource:

  >>> import nltk
  >>> nltk.download('punkt_tab')

  For more information see: https://www.nltk.org/data.html

  Attempted to load 'tokenizers/punkt_tab/english/'

  Searched in:
    - 'C:\\Users\\Rivith Ranjuna/nltk_data'
    - 'C:\\Users\\Rivith Ranjuna\\OneDrive\\Desktop\\movie-trailer-analyzer-frontend\\backend\\venv\\nltk_data'
    - 'C:\\Users\\Rivith Ranjuna\\OneDrive\\Desktop\\movie-trailer-analyzer-frontend\\backend\\venv\\share\\nltk_data'
    - 'C:\\Users\\Rivith Ranjuna\\OneDrive\\Desktop\\movie-trailer-analyzer-frontend\\backend\\venv\\lib\\nltk_data'
    - 'C:\\Users\\Rivith Ranjuna\\AppData\\Roaming\\nltk_data'
    - 'C:\\nltk_data'
    - 'D:\\nltk_data'
    - 'E:\\nltk_data'
**********************************************************************

2026-05-10 09:22:59,068 - services.sentiment_service - ERROR - Error analyzing comment: 
**********************************************************************
  Resource 'punkt_tab' not found.
  Please use the NLTK Downloader to obtain the resource:

  >>> import nltk
  >>> nltk.download('punkt_tab')

  For more information see: https://www.nltk.org/data.html

  Attempted to load 'tokenizers/punkt_tab/english/'

  Searched in:
    - 'C:\\Users\\Rivith Ranjuna/nltk_data'
    - 'C:\\Users\\Rivith Ranjuna\\OneDrive\\Desktop\\movie-trailer-analyzer-frontend\\backend\\venv\\nltk_data'
    - 'C:\\Users\\Rivith Ranjuna\\OneDrive\\Desktop\\movie-trailer-analyzer-frontend\\backend\\venv\\share\\nltk_data'
    - 'C:\\Users\\Rivith Ranjuna\\OneDrive\\Desktop\\movie-trailer-analyzer-frontend\\backend\\venv\\lib\\nltk_data'
    - 'C:\\Users\\Rivith Ranjuna\\AppData\\Roaming\\nltk_data'
    - 'C:\\nltk_data'
    - 'D:\\nltk_data'
    - 'E:\\nltk_data'
**********************************************************************

2026-05-10 09:22:59,068 - services.sentiment_service - ERROR - Error analyzing comment: 
**********************************************************************
  Resource 'punkt_tab' not found.
  Please use the NLTK Downloader to obtain the resource:

  >>> import nltk
  >>> nltk.download('punkt_tab')

  For more information see: https://www.nltk.org/data.html

  Attempted to load 'tokenizers/punkt_tab/english/'

  Searched in:
    - 'C:\\Users\\Rivith Ranjuna/nltk_data'
    - 'C:\\Users\\Rivith Ranjuna\\OneDrive\\Desktop\\movie-trailer-analyzer-frontend\\backend\\venv\\nltk_data'
    - 'C:\\Users\\Rivith Ranjuna\\OneDrive\\Desktop\\movie-trailer-analyzer-frontend\\backend\\venv\\share\\nltk_data'
    - 'C:\\Users\\Rivith Ranjuna\\OneDrive\\Desktop\\movie-trailer-analyzer-frontend\\backend\\venv\\lib\\nltk_data'
    - 'C:\\Users\\Rivith Ranjuna\\AppData\\Roaming\\nltk_data'
    - 'C:\\nltk_data'
    - 'D:\\nltk_data'
    - 'E:\\nltk_data'
**********************************************************************

2026-05-10 09:22:59,071 - services.sentiment_service - ERROR - Error analyzing comment: 
**********************************************************************
  Resource 'punkt_tab' not found.
  Please use the NLTK Downloader to obtain the resource:

  >>> import nltk
  >>> nltk.download('punkt_tab')

  For more information see: https://www.nltk.org/data.html

  Attempted to load 'tokenizers/punkt_tab/english/'

  Searched in:
    - 'C:\\Users\\Rivith Ranjuna/nltk_data'
    - 'C:\\Users\\Rivith Ranjuna\\OneDrive\\Desktop\\movie-trailer-analyzer-frontend\\backend\\venv\\nltk_data'
    - 'C:\\Users\\Rivith Ranjuna\\OneDrive\\Desktop\\movie-trailer-analyzer-frontend\\backend\\venv\\share\\nltk_data'
    - 'C:\\Users\\Rivith Ranjuna\\OneDrive\\Desktop\\movie-trailer-analyzer-frontend\\backend\\venv\\lib\\nltk_data'
    - 'C:\\Users\\Rivith Ranjuna\\AppData\\Roaming\\nltk_data'
    - 'C:\\nltk_data'
    - 'D:\\nltk_data'
    - 'E:\\nltk_data'
**********************************************************************

2026-05-10 09:22:59,071 - services.sentiment_service - ERROR - Error analyzing comment: 
**********************************************************************
  Resource 'punkt_tab' not found.
  Please use the NLTK Downloader to obtain the resource:

  >>> import nltk
  >>> nltk.download('punkt_tab')

  For more information see: https://www.nltk.org/data.html

  Attempted to load 'tokenizers/punkt_tab/english/'

  Searched in:
    - 'C:\\Users\\Rivith Ranjuna/nltk_data'
    - 'C:\\Users\\Rivith Ranjuna\\OneDrive\\Desktop\\movie-trailer-analyzer-frontend\\backend\\venv\\nltk_data'
    - 'C:\\Users\\Rivith Ranjuna\\OneDrive\\Desktop\\movie-trailer-analyzer-frontend\\backend\\venv\\share\\nltk_data'
    - 'C:\\Users\\Rivith Ranjuna\\OneDrive\\Desktop\\movie-trailer-analyzer-frontend\\backend\\venv\\lib\\nltk_data'
    - 'C:\\Users\\Rivith Ranjuna\\AppData\\Roaming\\nltk_data'
    - 'C:\\nltk_data'
    - 'D:\\nltk_data'
    - 'E:\\nltk_data'
**********************************************************************

2026-05-10 09:22:59,073 - services.sentiment_service - ERROR - Error analyzing comment: 
**********************************************************************
  Resource 'punkt_tab' not found.
  Please use the NLTK Downloader to obtain the resource:

  >>> import nltk
  >>> nltk.download('punkt_tab')

  For more information see: https://www.nltk.org/data.html

  Attempted to load 'tokenizers/punkt_tab/english/'

  Searched in:
    - 'C:\\Users\\Rivith Ranjuna/nltk_data'
    - 'C:\\Users\\Rivith Ranjuna\\OneDrive\\Desktop\\movie-trailer-analyzer-frontend\\backend\\venv\\nltk_data'
    - 'C:\\Users\\Rivith Ranjuna\\OneDrive\\Desktop\\movie-trailer-analyzer-frontend\\backend\\venv\\share\\nltk_data'
    - 'C:\\Users\\Rivith Ranjuna\\OneDrive\\Desktop\\movie-trailer-analyzer-frontend\\backend\\venv\\lib\\nltk_data'
    - 'C:\\Users\\Rivith Ranjuna\\AppData\\Roaming\\nltk_data'
    - 'C:\\nltk_data'
    - 'D:\\nltk_data'
    - 'E:\\nltk_data'
**********************************************************************

2026-05-10 09:22:59,073 - services.sentiment_service - ERROR - Error analyzing comment: 
**********************************************************************
  Resource 'punkt_tab' not found.
  Please use the NLTK Downloader to obtain the resource:

  >>> import nltk
  >>> nltk.download('punkt_tab')

  For more information see: https://www.nltk.org/data.html

  Attempted to load 'tokenizers/punkt_tab/english/'

  Searched in:
    - 'C:\\Users\\Rivith Ranjuna/nltk_data'
    - 'C:\\Users\\Rivith Ranjuna\\OneDrive\\Desktop\\movie-trailer-analyzer-frontend\\backend\\venv\\nltk_data'
    - 'C:\\Users\\Rivith Ranjuna\\OneDrive\\Desktop\\movie-trailer-analyzer-frontend\\backend\\venv\\share\\nltk_data'
    - 'C:\\Users\\Rivith Ranjuna\\OneDrive\\Desktop\\movie-trailer-analyzer-frontend\\backend\\venv\\lib\\nltk_data'
    - 'C:\\Users\\Rivith Ranjuna\\AppData\\Roaming\\nltk_data'
    - 'C:\\nltk_data'
    - 'D:\\nltk_data'
    - 'E:\\nltk_data'
**********************************************************************

2026-05-10 09:22:59,075 - services.sentiment_service - ERROR - Error analyzing comment: 
**********************************************************************
  Resource 'punkt_tab' not found.
  Please use the NLTK Downloader to obtain the resource:

  >>> import nltk
  >>> nltk.download('punkt_tab')

  For more information see: https://www.nltk.org/data.html

  Attempted to load 'tokenizers/punkt_tab/english/'

  Searched in:
    - 'C:\\Users\\Rivith Ranjuna/nltk_data'
    - 'C:\\Users\\Rivith Ranjuna\\OneDrive\\Desktop\\movie-trailer-analyzer-frontend\\backend\\venv\\nltk_data'
    - 'C:\\Users\\Rivith Ranjuna\\OneDrive\\Desktop\\movie-trailer-analyzer-frontend\\backend\\venv\\share\\nltk_data'
    - 'C:\\Users\\Rivith Ranjuna\\OneDrive\\Desktop\\movie-trailer-analyzer-frontend\\backend\\venv\\lib\\nltk_data'
    - 'C:\\Users\\Rivith Ranjuna\\AppData\\Roaming\\nltk_data'
    - 'C:\\nltk_data'
    - 'D:\\nltk_data'
    - 'E:\\nltk_data'
**********************************************************************

2026-05-10 09:22:59,075 - services.sentiment_service - ERROR - Error analyzing comment: 
**********************************************************************
  Resource 'punkt_tab' not found.
  Please use the NLTK Downloader to obtain the resource:

  >>> import nltk
  >>> nltk.download('punkt_tab')

  For more information see: https://www.nltk.org/data.html

  Attempted to load 'tokenizers/punkt_tab/english/'

  Searched in:
    - 'C:\\Users\\Rivith Ranjuna/nltk_data'
    - 'C:\\Users\\Rivith Ranjuna\\OneDrive\\Desktop\\movie-trailer-analyzer-frontend\\backend\\venv\\nltk_data'
    - 'C:\\Users\\Rivith Ranjuna\\OneDrive\\Desktop\\movie-trailer-analyzer-frontend\\backend\\venv\\share\\nltk_data'
    - 'C:\\Users\\Rivith Ranjuna\\OneDrive\\Desktop\\movie-trailer-analyzer-frontend\\backend\\venv\\lib\\nltk_data'
    - 'C:\\Users\\Rivith Ranjuna\\AppData\\Roaming\\nltk_data'
    - 'C:\\nltk_data'
    - 'D:\\nltk_data'
    - 'E:\\nltk_data'
**********************************************************************

2026-05-10 09:22:59,077 - services.sentiment_service - ERROR - Error analyzing comment: 
**********************************************************************
  Resource 'punkt_tab' not found.
  Please use the NLTK Downloader to obtain the resource:

  >>> import nltk
  >>> nltk.download('punkt_tab')

  For more information see: https://www.nltk.org/data.html

  Attempted to load 'tokenizers/punkt_tab/english/'

  Searched in:
    - 'C:\\Users\\Rivith Ranjuna/nltk_data'
    - 'C:\\Users\\Rivith Ranjuna\\OneDrive\\Desktop\\movie-trailer-analyzer-frontend\\backend\\venv\\nltk_data'
    - 'C:\\Users\\Rivith Ranjuna\\OneDrive\\Desktop\\movie-trailer-analyzer-frontend\\backend\\venv\\share\\nltk_data'
    - 'C:\\Users\\Rivith Ranjuna\\OneDrive\\Desktop\\movie-trailer-analyzer-frontend\\backend\\venv\\lib\\nltk_data'
    - 'C:\\Users\\Rivith Ranjuna\\AppData\\Roaming\\nltk_data'
    - 'C:\\nltk_data'
    - 'D:\\nltk_data'
    - 'E:\\nltk_data'
**********************************************************************

2026-05-10 09:22:59,077 - services.sentiment_service - ERROR - Error analyzing comment: 
**********************************************************************
  Resource 'punkt_tab' not found.
  Please use the NLTK Downloader to obtain the resource:

  >>> import nltk
  >>> nltk.download('punkt_tab')

  For more information see: https://www.nltk.org/data.html

  Attempted to load 'tokenizers/punkt_tab/english/'

  Searched in:
    - 'C:\\Users\\Rivith Ranjuna/nltk_data'
    - 'C:\\Users\\Rivith Ranjuna\\OneDrive\\Desktop\\movie-trailer-analyzer-frontend\\backend\\venv\\nltk_data'
    - 'C:\\Users\\Rivith Ranjuna\\OneDrive\\Desktop\\movie-trailer-analyzer-frontend\\backend\\venv\\share\\nltk_data'
    - 'C:\\Users\\Rivith Ranjuna\\OneDrive\\Desktop\\movie-trailer-analyzer-frontend\\backend\\venv\\lib\\nltk_data'
    - 'C:\\Users\\Rivith Ranjuna\\AppData\\Roaming\\nltk_data'
    - 'C:\\nltk_data'
    - 'D:\\nltk_data'
    - 'E:\\nltk_data'
**********************************************************************

2026-05-10 09:22:59,078 - services.sentiment_service - ERROR - Error analyzing comment: 
**********************************************************************
  Resource 'punkt_tab' not found.
  Please use the NLTK Downloader to obtain the resource:

  >>> import nltk
  >>> nltk.download('punkt_tab')

  For more information see: https://www.nltk.org/data.html

  Attempted to load 'tokenizers/punkt_tab/english/'

  Searched in:
    - 'C:\\Users\\Rivith Ranjuna/nltk_data'
    - 'C:\\Users\\Rivith Ranjuna\\OneDrive\\Desktop\\movie-trailer-analyzer-frontend\\backend\\venv\\nltk_data'
    - 'C:\\Users\\Rivith Ranjuna\\OneDrive\\Desktop\\movie-trailer-analyzer-frontend\\backend\\venv\\share\\nltk_data'
    - 'C:\\Users\\Rivith Ranjuna\\OneDrive\\Desktop\\movie-trailer-analyzer-frontend\\backend\\venv\\lib\\nltk_data'
    - 'C:\\Users\\Rivith Ranjuna\\AppData\\Roaming\\nltk_data'
    - 'C:\\nltk_data'
    - 'D:\\nltk_data'
    - 'E:\\nltk_data'
**********************************************************************

2026-05-10 09:22:59,078 - services.sentiment_service - ERROR - Error analyzing comment: 
**********************************************************************
  Resource 'punkt_tab' not found.
  Please use the NLTK Downloader to obtain the resource:

  >>> import nltk
  >>> nltk.download('punkt_tab')

  For more information see: https://www.nltk.org/data.html

  Attempted to load 'tokenizers/punkt_tab/english/'

  Searched in:
    - 'C:\\Users\\Rivith Ranjuna/nltk_data'
    - 'C:\\Users\\Rivith Ranjuna\\OneDrive\\Desktop\\movie-trailer-analyzer-frontend\\backend\\venv\\nltk_data'
    - 'C:\\Users\\Rivith Ranjuna\\OneDrive\\Desktop\\movie-trailer-analyzer-frontend\\backend\\venv\\share\\nltk_data'
    - 'C:\\Users\\Rivith Ranjuna\\OneDrive\\Desktop\\movie-trailer-analyzer-frontend\\backend\\venv\\lib\\nltk_data'
    - 'C:\\Users\\Rivith Ranjuna\\AppData\\Roaming\\nltk_data'
    - 'C:\\nltk_data'
    - 'D:\\nltk_data'
    - 'E:\\nltk_data'
**********************************************************************

2026-05-10 09:22:59,079 - services.firebase_service - WARNING - Firebase not configured, skipping save
2026-05-10 09:22:59,079 - services.firebase_service - WARNING - Firebase not configured, skipping save
2026-05-10 09:22:59,079 - root - INFO - Response: 200
2026-05-10 09:22:59,079 - root - INFO - Response: 200
2026-05-10 09:22:59,079 - werkzeug - INFO - 127.0.0.1 - - [10/May/2026 09:22:59] "POST /api/sentiment/analyze HTTP/1.1" 200 -
2026-05-10 09:22:59,079 - werkzeug - INFO - 127.0.0.1 - - [10/May/2026 09:22:59] "POST /api/sentiment/analyze HTTP/1.1" 200 -
2026-05-10 09:25:06,663 - root - INFO - Request: OPTIONS /api/sentiment/analyze
2026-05-10 09:25:06,663 - root - INFO - Request: OPTIONS /api/sentiment/analyze
2026-05-10 09:25:06,664 - root - INFO - Response: 200
2026-05-10 09:25:06,664 - root - INFO - Response: 200
2026-05-10 09:25:06,666 - werkzeug - INFO - 127.0.0.1 - - [10/May/2026 09:25:06] "OPTIONS /api/sentiment/analyze HTTP/1.1" 200 -
2026-05-10 09:25:06,666 - werkzeug - INFO - 127.0.0.1 - - [10/May/2026 09:25:06] "OPTIONS /api/sentiment/analyze HTTP/1.1" 200 -
2026-05-10 09:25:06,899 - root - INFO - Request: POST /api/sentiment/analyze
2026-05-10 09:25:06,899 - root - INFO - Request: POST /api/sentiment/analyze
2026-05-10 09:25:06,902 - services.sentiment_service - ERROR - Error analyzing comment: 
**********************************************************************
  Resource 'punkt_tab' not found.
  Please use the NLTK Downloader to obtain the resource:

  >>> import nltk
  >>> nltk.download('punkt_tab')

  For more information see: https://www.nltk.org/data.html

  Attempted to load 'tokenizers/punkt_tab/english/'

  Searched in:
    - 'C:\\Users\\Rivith Ranjuna/nltk_data'
    - 'C:\\Users\\Rivith Ranjuna\\OneDrive\\Desktop\\movie-trailer-analyzer-frontend\\backend\\venv\\nltk_data'
    - 'C:\\Users\\Rivith Ranjuna\\OneDrive\\Desktop\\movie-trailer-analyzer-frontend\\backend\\venv\\share\\nltk_data'
    - 'C:\\Users\\Rivith Ranjuna\\OneDrive\\Desktop\\movie-trailer-analyzer-frontend\\backend\\venv\\lib\\nltk_data'
    - 'C:\\Users\\Rivith Ranjuna\\AppData\\Roaming\\nltk_data'
    - 'C:\\nltk_data'
    - 'D:\\nltk_data'
    - 'E:\\nltk_data'
**********************************************************************

2026-05-10 09:25:06,902 - services.sentiment_service - ERROR - Error analyzing comment: 
**********************************************************************
  Resource 'punkt_tab' not found.
  Please use the NLTK Downloader to obtain the resource:

  >>> import nltk
  >>> nltk.download('punkt_tab')

  For more information see: https://www.nltk.org/data.html

  Attempted to load 'tokenizers/punkt_tab/english/'

  Searched in:
    - 'C:\\Users\\Rivith Ranjuna/nltk_data'
    - 'C:\\Users\\Rivith Ranjuna\\OneDrive\\Desktop\\movie-trailer-analyzer-frontend\\backend\\venv\\nltk_data'
    - 'C:\\Users\\Rivith Ranjuna\\OneDrive\\Desktop\\movie-trailer-analyzer-frontend\\backend\\venv\\share\\nltk_data'
    - 'C:\\Users\\Rivith Ranjuna\\OneDrive\\Desktop\\movie-trailer-analyzer-frontend\\backend\\venv\\lib\\nltk_data'
    - 'C:\\Users\\Rivith Ranjuna\\AppData\\Roaming\\nltk_data'
    - 'C:\\nltk_data'
    - 'D:\\nltk_data'
    - 'E:\\nltk_data'
**********************************************************************

2026-05-10 09:25:06,905 - services.sentiment_service - ERROR - Error analyzing comment: 
**********************************************************************
  Resource 'punkt_tab' not found.
  Please use the NLTK Downloader to obtain the resource:

  >>> import nltk
  >>> nltk.download('punkt_tab')

  For more information see: https://www.nltk.org/data.html

  Attempted to load 'tokenizers/punkt_tab/english/'

  Searched in:
    - 'C:\\Users\\Rivith Ranjuna/nltk_data'
    - 'C:\\Users\\Rivith Ranjuna\\OneDrive\\Desktop\\movie-trailer-analyzer-frontend\\backend\\venv\\nltk_data'
    - 'C:\\Users\\Rivith Ranjuna\\OneDrive\\Desktop\\movie-trailer-analyzer-frontend\\backend\\venv\\share\\nltk_data'
    - 'C:\\Users\\Rivith Ranjuna\\OneDrive\\Desktop\\movie-trailer-analyzer-frontend\\backend\\venv\\lib\\nltk_data'
    - 'C:\\Users\\Rivith Ranjuna\\AppData\\Roaming\\nltk_data'
    - 'C:\\nltk_data'
    - 'D:\\nltk_data'
    - 'E:\\nltk_data'
**********************************************************************

2026-05-10 09:25:06,905 - services.sentiment_service - ERROR - Error analyzing comment: 
**********************************************************************
  Resource 'punkt_tab' not found.
  Please use the NLTK Downloader to obtain the resource:

  >>> import nltk
  >>> nltk.download('punkt_tab')

  For more information see: https://www.nltk.org/data.html

  Attempted to load 'tokenizers/punkt_tab/english/'

  Searched in:
    - 'C:\\Users\\Rivith Ranjuna/nltk_data'
    - 'C:\\Users\\Rivith Ranjuna\\OneDrive\\Desktop\\movie-trailer-analyzer-frontend\\backend\\venv\\nltk_data'
    - 'C:\\Users\\Rivith Ranjuna\\OneDrive\\Desktop\\movie-trailer-analyzer-frontend\\backend\\venv\\share\\nltk_data'
    - 'C:\\Users\\Rivith Ranjuna\\OneDrive\\Desktop\\movie-trailer-analyzer-frontend\\backend\\venv\\lib\\nltk_data'
    - 'C:\\Users\\Rivith Ranjuna\\AppData\\Roaming\\nltk_data'
    - 'C:\\nltk_data'
    - 'D:\\nltk_data'
    - 'E:\\nltk_data'
**********************************************************************

2026-05-10 09:25:06,908 - services.sentiment_service - ERROR - Error analyzing comment: 
**********************************************************************
  Resource 'punkt_tab' not found.
  Please use the NLTK Downloader to obtain the resource:

  >>> import nltk
  >>> nltk.download('punkt_tab')

  For more information see: https://www.nltk.org/data.html

  Attempted to load 'tokenizers/punkt_tab/english/'

  Searched in:
    - 'C:\\Users\\Rivith Ranjuna/nltk_data'
    - 'C:\\Users\\Rivith Ranjuna\\OneDrive\\Desktop\\movie-trailer-analyzer-frontend\\backend\\venv\\nltk_data'
    - 'C:\\Users\\Rivith Ranjuna\\OneDrive\\Desktop\\movie-trailer-analyzer-frontend\\backend\\venv\\share\\nltk_data'
    - 'C:\\Users\\Rivith Ranjuna\\OneDrive\\Desktop\\movie-trailer-analyzer-frontend\\backend\\venv\\lib\\nltk_data'
    - 'C:\\Users\\Rivith Ranjuna\\AppData\\Roaming\\nltk_data'
    - 'C:\\nltk_data'
    - 'D:\\nltk_data'
    - 'E:\\nltk_data'
**********************************************************************

2026-05-10 09:25:06,908 - services.sentiment_service - ERROR - Error analyzing comment: 
**********************************************************************
  Resource 'punkt_tab' not found.
  Please use the NLTK Downloader to obtain the resource:

  >>> import nltk
  >>> nltk.download('punkt_tab')

  For more information see: https://www.nltk.org/data.html

  Attempted to load 'tokenizers/punkt_tab/english/'

  Searched in:
    - 'C:\\Users\\Rivith Ranjuna/nltk_data'
    - 'C:\\Users\\Rivith Ranjuna\\OneDrive\\Desktop\\movie-trailer-analyzer-frontend\\backend\\venv\\nltk_data'
    - 'C:\\Users\\Rivith Ranjuna\\OneDrive\\Desktop\\movie-trailer-analyzer-frontend\\backend\\venv\\share\\nltk_data'
    - 'C:\\Users\\Rivith Ranjuna\\OneDrive\\Desktop\\movie-trailer-analyzer-frontend\\backend\\venv\\lib\\nltk_data'
    - 'C:\\Users\\Rivith Ranjuna\\AppData\\Roaming\\nltk_data'
    - 'C:\\nltk_data'
    - 'D:\\nltk_data'
    - 'E:\\nltk_data'
**********************************************************************

2026-05-10 09:25:06,911 - services.sentiment_service - ERROR - Error analyzing comment: 
**********************************************************************
  Resource 'punkt_tab' not found.
  Please use the NLTK Downloader to obtain the resource:

  >>> import nltk
  >>> nltk.download('punkt_tab')

  For more information see: https://www.nltk.org/data.html

  Attempted to load 'tokenizers/punkt_tab/english/'

  Searched in:
    - 'C:\\Users\\Rivith Ranjuna/nltk_data'
    - 'C:\\Users\\Rivith Ranjuna\\OneDrive\\Desktop\\movie-trailer-analyzer-frontend\\backend\\venv\\nltk_data'
    - 'C:\\Users\\Rivith Ranjuna\\OneDrive\\Desktop\\movie-trailer-analyzer-frontend\\backend\\venv\\share\\nltk_data'
    - 'C:\\Users\\Rivith Ranjuna\\OneDrive\\Desktop\\movie-trailer-analyzer-frontend\\backend\\venv\\lib\\nltk_data'
    - 'C:\\Users\\Rivith Ranjuna\\AppData\\Roaming\\nltk_data'
    - 'C:\\nltk_data'
    - 'D:\\nltk_data'
    - 'E:\\nltk_data'
**********************************************************************

2026-05-10 09:25:06,911 - services.sentiment_service - ERROR - Error analyzing comment: 
**********************************************************************
  Resource 'punkt_tab' not found.
  Please use the NLTK Downloader to obtain the resource:

  >>> import nltk
  >>> nltk.download('punkt_tab')

  For more information see: https://www.nltk.org/data.html

  Attempted to load 'tokenizers/punkt_tab/english/'

  Searched in:
    - 'C:\\Users\\Rivith Ranjuna/nltk_data'
    - 'C:\\Users\\Rivith Ranjuna\\OneDrive\\Desktop\\movie-trailer-analyzer-frontend\\backend\\venv\\nltk_data'
    - 'C:\\Users\\Rivith Ranjuna\\OneDrive\\Desktop\\movie-trailer-analyzer-frontend\\backend\\venv\\share\\nltk_data'
    - 'C:\\Users\\Rivith Ranjuna\\OneDrive\\Desktop\\movie-trailer-analyzer-frontend\\backend\\venv\\lib\\nltk_data'
    - 'C:\\Users\\Rivith Ranjuna\\AppData\\Roaming\\nltk_data'
    - 'C:\\nltk_data'
    - 'D:\\nltk_data'
    - 'E:\\nltk_data'
**********************************************************************

2026-05-10 09:25:06,914 - services.sentiment_service - ERROR - Error analyzing comment: 
**********************************************************************
  Resource 'punkt_tab' not found.
  Please use the NLTK Downloader to obtain the resource:

  >>> import nltk
  >>> nltk.download('punkt_tab')

  For more information see: https://www.nltk.org/data.html

  Attempted to load 'tokenizers/punkt_tab/english/'

  Searched in:
    - 'C:\\Users\\Rivith Ranjuna/nltk_data'
    - 'C:\\Users\\Rivith Ranjuna\\OneDrive\\Desktop\\movie-trailer-analyzer-frontend\\backend\\venv\\nltk_data'
    - 'C:\\Users\\Rivith Ranjuna\\OneDrive\\Desktop\\movie-trailer-analyzer-frontend\\backend\\venv\\share\\nltk_data'
    - 'C:\\Users\\Rivith Ranjuna\\OneDrive\\Desktop\\movie-trailer-analyzer-frontend\\backend\\venv\\lib\\nltk_data'
    - 'C:\\Users\\Rivith Ranjuna\\AppData\\Roaming\\nltk_data'
    - 'C:\\nltk_data'
    - 'D:\\nltk_data'
    - 'E:\\nltk_data'
**********************************************************************

2026-05-10 09:25:06,914 - services.sentiment_service - ERROR - Error analyzing comment: 
**********************************************************************
  Resource 'punkt_tab' not found.
  Please use the NLTK Downloader to obtain the resource:

  >>> import nltk
  >>> nltk.download('punkt_tab')

  For more information see: https://www.nltk.org/data.html

  Attempted to load 'tokenizers/punkt_tab/english/'

  Searched in:
    - 'C:\\Users\\Rivith Ranjuna/nltk_data'
    - 'C:\\Users\\Rivith Ranjuna\\OneDrive\\Desktop\\movie-trailer-analyzer-frontend\\backend\\venv\\nltk_data'
    - 'C:\\Users\\Rivith Ranjuna\\OneDrive\\Desktop\\movie-trailer-analyzer-frontend\\backend\\venv\\share\\nltk_data'
    - 'C:\\Users\\Rivith Ranjuna\\OneDrive\\Desktop\\movie-trailer-analyzer-frontend\\backend\\venv\\lib\\nltk_data'
    - 'C:\\Users\\Rivith Ranjuna\\AppData\\Roaming\\nltk_data'
    - 'C:\\nltk_data'
    - 'D:\\nltk_data'
    - 'E:\\nltk_data'
**********************************************************************

2026-05-10 09:25:06,917 - services.sentiment_service - ERROR - Error analyzing comment: 
**********************************************************************
  Resource 'punkt_tab' not found.
  Please use the NLTK Downloader to obtain the resource:

  >>> import nltk
  >>> nltk.download('punkt_tab')

  For more information see: https://www.nltk.org/data.html

  Attempted to load 'tokenizers/punkt_tab/english/'

  Searched in:
    - 'C:\\Users\\Rivith Ranjuna/nltk_data'
    - 'C:\\Users\\Rivith Ranjuna\\OneDrive\\Desktop\\movie-trailer-analyzer-frontend\\backend\\venv\\nltk_data'
    - 'C:\\Users\\Rivith Ranjuna\\OneDrive\\Desktop\\movie-trailer-analyzer-frontend\\backend\\venv\\share\\nltk_data'
    - 'C:\\Users\\Rivith Ranjuna\\OneDrive\\Desktop\\movie-trailer-analyzer-frontend\\backend\\venv\\lib\\nltk_data'
    - 'C:\\Users\\Rivith Ranjuna\\AppData\\Roaming\\nltk_data'
    - 'C:\\nltk_data'
    - 'D:\\nltk_data'
    - 'E:\\nltk_data'
**********************************************************************

2026-05-10 09:25:06,917 - services.sentiment_service - ERROR - Error analyzing comment: 
**********************************************************************
  Resource 'punkt_tab' not found.
  Please use the NLTK Downloader to obtain the resource:

  >>> import nltk
  >>> nltk.download('punkt_tab')

  For more information see: https://www.nltk.org/data.html

  Attempted to load 'tokenizers/punkt_tab/english/'

  Searched in:
    - 'C:\\Users\\Rivith Ranjuna/nltk_data'
    - 'C:\\Users\\Rivith Ranjuna\\OneDrive\\Desktop\\movie-trailer-analyzer-frontend\\backend\\venv\\nltk_data'
    - 'C:\\Users\\Rivith Ranjuna\\OneDrive\\Desktop\\movie-trailer-analyzer-frontend\\backend\\venv\\share\\nltk_data'
    - 'C:\\Users\\Rivith Ranjuna\\OneDrive\\Desktop\\movie-trailer-analyzer-frontend\\backend\\venv\\lib\\nltk_data'
    - 'C:\\Users\\Rivith Ranjuna\\AppData\\Roaming\\nltk_data'
    - 'C:\\nltk_data'
    - 'D:\\nltk_data'
    - 'E:\\nltk_data'
**********************************************************************

2026-05-10 09:25:06,920 - services.sentiment_service - ERROR - Error analyzing comment: 
**********************************************************************
  Resource 'punkt_tab' not found.
  Please use the NLTK Downloader to obtain the resource:

  >>> import nltk
  >>> nltk.download('punkt_tab')

  For more information see: https://www.nltk.org/data.html

  Attempted to load 'tokenizers/punkt_tab/english/'

  Searched in:
    - 'C:\\Users\\Rivith Ranjuna/nltk_data'
    - 'C:\\Users\\Rivith Ranjuna\\OneDrive\\Desktop\\movie-trailer-analyzer-frontend\\backend\\venv\\nltk_data'
    - 'C:\\Users\\Rivith Ranjuna\\OneDrive\\Desktop\\movie-trailer-analyzer-frontend\\backend\\venv\\share\\nltk_data'
    - 'C:\\Users\\Rivith Ranjuna\\OneDrive\\Desktop\\movie-trailer-analyzer-frontend\\backend\\venv\\lib\\nltk_data'
    - 'C:\\Users\\Rivith Ranjuna\\AppData\\Roaming\\nltk_data'
    - 'C:\\nltk_data'
    - 'D:\\nltk_data'
    - 'E:\\nltk_data'
**********************************************************************

2026-05-10 09:25:06,920 - services.sentiment_service - ERROR - Error analyzing comment: 
**********************************************************************
  Resource 'punkt_tab' not found.
  Please use the NLTK Downloader to obtain the resource:

  >>> import nltk
  >>> nltk.download('punkt_tab')

  For more information see: https://www.nltk.org/data.html

  Attempted to load 'tokenizers/punkt_tab/english/'

  Searched in:
    - 'C:\\Users\\Rivith Ranjuna/nltk_data'
    - 'C:\\Users\\Rivith Ranjuna\\OneDrive\\Desktop\\movie-trailer-analyzer-frontend\\backend\\venv\\nltk_data'
    - 'C:\\Users\\Rivith Ranjuna\\OneDrive\\Desktop\\movie-trailer-analyzer-frontend\\backend\\venv\\share\\nltk_data'
    - 'C:\\Users\\Rivith Ranjuna\\OneDrive\\Desktop\\movie-trailer-analyzer-frontend\\backend\\venv\\lib\\nltk_data'
    - 'C:\\Users\\Rivith Ranjuna\\AppData\\Roaming\\nltk_data'
    - 'C:\\nltk_data'
    - 'D:\\nltk_data'
    - 'E:\\nltk_data'
**********************************************************************

2026-05-10 09:25:06,923 - services.sentiment_service - ERROR - Error analyzing comment: 
**********************************************************************
  Resource 'punkt_tab' not found.
  Please use the NLTK Downloader to obtain the resource:

  >>> import nltk
  >>> nltk.download('punkt_tab')

  For more information see: https://www.nltk.org/data.html

  Attempted to load 'tokenizers/punkt_tab/english/'

  Searched in:
    - 'C:\\Users\\Rivith Ranjuna/nltk_data'
    - 'C:\\Users\\Rivith Ranjuna\\OneDrive\\Desktop\\movie-trailer-analyzer-frontend\\backend\\venv\\nltk_data'
    - 'C:\\Users\\Rivith Ranjuna\\OneDrive\\Desktop\\movie-trailer-analyzer-frontend\\backend\\venv\\share\\nltk_data'
    - 'C:\\Users\\Rivith Ranjuna\\OneDrive\\Desktop\\movie-trailer-analyzer-frontend\\backend\\venv\\lib\\nltk_data'
    - 'C:\\Users\\Rivith Ranjuna\\AppData\\Roaming\\nltk_data'
    - 'C:\\nltk_data'
    - 'D:\\nltk_data'
    - 'E:\\nltk_data'
**********************************************************************

2026-05-10 09:25:06,923 - services.sentiment_service - ERROR - Error analyzing comment: 
**********************************************************************
  Resource 'punkt_tab' not found.
  Please use the NLTK Downloader to obtain the resource:

  >>> import nltk
  >>> nltk.download('punkt_tab')

  For more information see: https://www.nltk.org/data.html

  Attempted to load 'tokenizers/punkt_tab/english/'

  Searched in:
    - 'C:\\Users\\Rivith Ranjuna/nltk_data'
    - 'C:\\Users\\Rivith Ranjuna\\OneDrive\\Desktop\\movie-trailer-analyzer-frontend\\backend\\venv\\nltk_data'
    - 'C:\\Users\\Rivith Ranjuna\\OneDrive\\Desktop\\movie-trailer-analyzer-frontend\\backend\\venv\\share\\nltk_data'
    - 'C:\\Users\\Rivith Ranjuna\\OneDrive\\Desktop\\movie-trailer-analyzer-frontend\\backend\\venv\\lib\\nltk_data'
    - 'C:\\Users\\Rivith Ranjuna\\AppData\\Roaming\\nltk_data'
    - 'C:\\nltk_data'
    - 'D:\\nltk_data'
    - 'E:\\nltk_data'
**********************************************************************

2026-05-10 09:25:06,926 - services.sentiment_service - ERROR - Error analyzing comment: 
**********************************************************************
  Resource 'punkt_tab' not found.
  Please use the NLTK Downloader to obtain the resource:

  >>> import nltk
  >>> nltk.download('punkt_tab')

  For more information see: https://www.nltk.org/data.html

  Attempted to load 'tokenizers/punkt_tab/english/'

  Searched in:
    - 'C:\\Users\\Rivith Ranjuna/nltk_data'
    - 'C:\\Users\\Rivith Ranjuna\\OneDrive\\Desktop\\movie-trailer-analyzer-frontend\\backend\\venv\\nltk_data'
    - 'C:\\Users\\Rivith Ranjuna\\OneDrive\\Desktop\\movie-trailer-analyzer-frontend\\backend\\venv\\share\\nltk_data'
    - 'C:\\Users\\Rivith Ranjuna\\OneDrive\\Desktop\\movie-trailer-analyzer-frontend\\backend\\venv\\lib\\nltk_data'
    - 'C:\\Users\\Rivith Ranjuna\\AppData\\Roaming\\nltk_data'
    - 'C:\\nltk_data'
    - 'D:\\nltk_data'
    - 'E:\\nltk_data'
**********************************************************************

2026-05-10 09:25:06,926 - services.sentiment_service - ERROR - Error analyzing comment: 
**********************************************************************
  Resource 'punkt_tab' not found.
  Please use the NLTK Downloader to obtain the resource:

  >>> import nltk
  >>> nltk.download('punkt_tab')

  For more information see: https://www.nltk.org/data.html

  Attempted to load 'tokenizers/punkt_tab/english/'

  Searched in:
    - 'C:\\Users\\Rivith Ranjuna/nltk_data'
    - 'C:\\Users\\Rivith Ranjuna\\OneDrive\\Desktop\\movie-trailer-analyzer-frontend\\backend\\venv\\nltk_data'
    - 'C:\\Users\\Rivith Ranjuna\\OneDrive\\Desktop\\movie-trailer-analyzer-frontend\\backend\\venv\\share\\nltk_data'
    - 'C:\\Users\\Rivith Ranjuna\\OneDrive\\Desktop\\movie-trailer-analyzer-frontend\\backend\\venv\\lib\\nltk_data'
    - 'C:\\Users\\Rivith Ranjuna\\AppData\\Roaming\\nltk_data'
    - 'C:\\nltk_data'
    - 'D:\\nltk_data'
    - 'E:\\nltk_data'
**********************************************************************

2026-05-10 09:25:06,929 - services.sentiment_service - ERROR - Error analyzing comment: 
**********************************************************************
  Resource 'punkt_tab' not found.
  Please use the NLTK Downloader to obtain the resource:

  >>> import nltk
  >>> nltk.download('punkt_tab')

  For more information see: https://www.nltk.org/data.html

  Attempted to load 'tokenizers/punkt_tab/english/'

  Searched in:
    - 'C:\\Users\\Rivith Ranjuna/nltk_data'
    - 'C:\\Users\\Rivith Ranjuna\\OneDrive\\Desktop\\movie-trailer-analyzer-frontend\\backend\\venv\\nltk_data'
    - 'C:\\Users\\Rivith Ranjuna\\OneDrive\\Desktop\\movie-trailer-analyzer-frontend\\backend\\venv\\share\\nltk_data'
    - 'C:\\Users\\Rivith Ranjuna\\OneDrive\\Desktop\\movie-trailer-analyzer-frontend\\backend\\venv\\lib\\nltk_data'
    - 'C:\\Users\\Rivith Ranjuna\\AppData\\Roaming\\nltk_data'
    - 'C:\\nltk_data'
    - 'D:\\nltk_data'
    - 'E:\\nltk_data'
**********************************************************************

2026-05-10 09:25:06,929 - services.sentiment_service - ERROR - Error analyzing comment: 
**********************************************************************
  Resource 'punkt_tab' not found.
  Please use the NLTK Downloader to obtain the resource:

  >>> import nltk
  >>> nltk.download('punkt_tab')

  For more information see: https://www.nltk.org/data.html

  Attempted to load 'tokenizers/punkt_tab/english/'

  Searched in:
    - 'C:\\Users\\Rivith Ranjuna/nltk_data'
    - 'C:\\Users\\Rivith Ranjuna\\OneDrive\\Desktop\\movie-trailer-analyzer-frontend\\backend\\venv\\nltk_data'
    - 'C:\\Users\\Rivith Ranjuna\\OneDrive\\Desktop\\movie-trailer-analyzer-frontend\\backend\\venv\\share\\nltk_data'
    - 'C:\\Users\\Rivith Ranjuna\\OneDrive\\Desktop\\movie-trailer-analyzer-frontend\\backend\\venv\\lib\\nltk_data'
    - 'C:\\Users\\Rivith Ranjuna\\AppData\\Roaming\\nltk_data'
    - 'C:\\nltk_data'
    - 'D:\\nltk_data'
    - 'E:\\nltk_data'
**********************************************************************

2026-05-10 09:25:06,931 - services.firebase_service - WARNING - Firebase not configured, skipping save
2026-05-10 09:25:06,931 - services.firebase_service - WARNING - Firebase not configured, skipping save
2026-05-10 09:25:06,932 - root - INFO - Response: 200
2026-05-10 09:25:06,932 - root - INFO - Response: 200
2026-05-10 09:25:06,933 - werkzeug - INFO - 127.0.0.1 - - [10/May/2026 09:25:06] "POST /api/sentiment/analyze HTTP/1.1" 200 -
2026-05-10 09:25:06,933 - werkzeug - INFO - 127.0.0.1 - - [10/May/2026 09:25:06] "POST /api/sentiment/analyze HTTP/1.1" 200 -
2026-05-10 09:25:46,446 - root - INFO - Request: OPTIONS /api/sentiment/analyze
2026-05-10 09:25:46,446 - root - INFO - Request: OPTIONS /api/sentiment/analyze
2026-05-10 09:25:46,447 - root - INFO - Response: 200
2026-05-10 09:25:46,447 - root - INFO - Response: 200
2026-05-10 09:25:46,448 - werkzeug - INFO - 127.0.0.1 - - [10/May/2026 09:25:46] "OPTIONS /api/sentiment/analyze HTTP/1.1" 200 -
2026-05-10 09:25:46,448 - werkzeug - INFO - 127.0.0.1 - - [10/May/2026 09:25:46] "OPTIONS /api/sentiment/analyze HTTP/1.1" 200 -
2026-05-10 09:25:46,703 - root - INFO - Request: POST /api/sentiment/analyze
2026-05-10 09:25:46,703 - root - INFO - Request: POST /api/sentiment/analyze
2026-05-10 09:25:46,705 - services.sentiment_service - ERROR - Error analyzing comment: 
**********************************************************************
  Resource 'punkt_tab' not found.
  Please use the NLTK Downloader to obtain the resource:

  >>> import nltk
  >>> nltk.download('punkt_tab')

  For more information see: https://www.nltk.org/data.html

  Attempted to load 'tokenizers/punkt_tab/english/'

  Searched in:
    - 'C:\\Users\\Rivith Ranjuna/nltk_data'
    - 'C:\\Users\\Rivith Ranjuna\\OneDrive\\Desktop\\movie-trailer-analyzer-frontend\\backend\\venv\\nltk_data'
    - 'C:\\Users\\Rivith Ranjuna\\OneDrive\\Desktop\\movie-trailer-analyzer-frontend\\backend\\venv\\share\\nltk_data'
    - 'C:\\Users\\Rivith Ranjuna\\OneDrive\\Desktop\\movie-trailer-analyzer-frontend\\backend\\venv\\lib\\nltk_data'
    - 'C:\\Users\\Rivith Ranjuna\\AppData\\Roaming\\nltk_data'
    - 'C:\\nltk_data'
    - 'D:\\nltk_data'
    - 'E:\\nltk_data'
**********************************************************************

2026-05-10 09:25:46,705 - services.sentiment_service - ERROR - Error analyzing comment: 
**********************************************************************
  Resource 'punkt_tab' not found.
  Please use the NLTK Downloader to obtain the resource:

  >>> import nltk
  >>> nltk.download('punkt_tab')

  For more information see: https://www.nltk.org/data.html

  Attempted to load 'tokenizers/punkt_tab/english/'

  Searched in:
    - 'C:\\Users\\Rivith Ranjuna/nltk_data'
    - 'C:\\Users\\Rivith Ranjuna\\OneDrive\\Desktop\\movie-trailer-analyzer-frontend\\backend\\venv\\nltk_data'
    - 'C:\\Users\\Rivith Ranjuna\\OneDrive\\Desktop\\movie-trailer-analyzer-frontend\\backend\\venv\\share\\nltk_data'
    - 'C:\\Users\\Rivith Ranjuna\\OneDrive\\Desktop\\movie-trailer-analyzer-frontend\\backend\\venv\\lib\\nltk_data'
    - 'C:\\Users\\Rivith Ranjuna\\AppData\\Roaming\\nltk_data'
    - 'C:\\nltk_data'
    - 'D:\\nltk_data'
    - 'E:\\nltk_data'
**********************************************************************

2026-05-10 09:25:46,708 - services.sentiment_service - ERROR - Error analyzing comment: 
**********************************************************************
  Resource 'punkt_tab' not found.
  Please use the NLTK Downloader to obtain the resource:

  >>> import nltk
  >>> nltk.download('punkt_tab')

  For more information see: https://www.nltk.org/data.html

  Attempted to load 'tokenizers/punkt_tab/english/'

  Searched in:
    - 'C:\\Users\\Rivith Ranjuna/nltk_data'
    - 'C:\\Users\\Rivith Ranjuna\\OneDrive\\Desktop\\movie-trailer-analyzer-frontend\\backend\\venv\\nltk_data'
    - 'C:\\Users\\Rivith Ranjuna\\OneDrive\\Desktop\\movie-trailer-analyzer-frontend\\backend\\venv\\share\\nltk_data'
    - 'C:\\Users\\Rivith Ranjuna\\OneDrive\\Desktop\\movie-trailer-analyzer-frontend\\backend\\venv\\lib\\nltk_data'
    - 'C:\\Users\\Rivith Ranjuna\\AppData\\Roaming\\nltk_data'
    - 'C:\\nltk_data'
    - 'D:\\nltk_data'
    - 'E:\\nltk_data'
**********************************************************************

2026-05-10 09:25:46,708 - services.sentiment_service - ERROR - Error analyzing comment: 
**********************************************************************
  Resource 'punkt_tab' not found.
  Please use the NLTK Downloader to obtain the resource:

  >>> import nltk
  >>> nltk.download('punkt_tab')

  For more information see: https://www.nltk.org/data.html

  Attempted to load 'tokenizers/punkt_tab/english/'

  Searched in:
    - 'C:\\Users\\Rivith Ranjuna/nltk_data'
    - 'C:\\Users\\Rivith Ranjuna\\OneDrive\\Desktop\\movie-trailer-analyzer-frontend\\backend\\venv\\nltk_data'
    - 'C:\\Users\\Rivith Ranjuna\\OneDrive\\Desktop\\movie-trailer-analyzer-frontend\\backend\\venv\\share\\nltk_data'
    - 'C:\\Users\\Rivith Ranjuna\\OneDrive\\Desktop\\movie-trailer-analyzer-frontend\\backend\\venv\\lib\\nltk_data'
    - 'C:\\Users\\Rivith Ranjuna\\AppData\\Roaming\\nltk_data'
    - 'C:\\nltk_data'
    - 'D:\\nltk_data'
    - 'E:\\nltk_data'
**********************************************************************

2026-05-10 09:25:46,711 - services.sentiment_service - ERROR - Error analyzing comment: 
**********************************************************************
  Resource 'punkt_tab' not found.
  Please use the NLTK Downloader to obtain the resource:

  >>> import nltk
  >>> nltk.download('punkt_tab')

  For more information see: https://www.nltk.org/data.html

  Attempted to load 'tokenizers/punkt_tab/english/'

  Searched in:
    - 'C:\\Users\\Rivith Ranjuna/nltk_data'
    - 'C:\\Users\\Rivith Ranjuna\\OneDrive\\Desktop\\movie-trailer-analyzer-frontend\\backend\\venv\\nltk_data'
    - 'C:\\Users\\Rivith Ranjuna\\OneDrive\\Desktop\\movie-trailer-analyzer-frontend\\backend\\venv\\share\\nltk_data'
    - 'C:\\Users\\Rivith Ranjuna\\OneDrive\\Desktop\\movie-trailer-analyzer-frontend\\backend\\venv\\lib\\nltk_data'
    - 'C:\\Users\\Rivith Ranjuna\\AppData\\Roaming\\nltk_data'
    - 'C:\\nltk_data'
    - 'D:\\nltk_data'
    - 'E:\\nltk_data'
**********************************************************************

2026-05-10 09:25:46,711 - services.sentiment_service - ERROR - Error analyzing comment: 
**********************************************************************
  Resource 'punkt_tab' not found.
  Please use the NLTK Downloader to obtain the resource:

  >>> import nltk
  >>> nltk.download('punkt_tab')

  For more information see: https://www.nltk.org/data.html

  Attempted to load 'tokenizers/punkt_tab/english/'

  Searched in:
    - 'C:\\Users\\Rivith Ranjuna/nltk_data'
    - 'C:\\Users\\Rivith Ranjuna\\OneDrive\\Desktop\\movie-trailer-analyzer-frontend\\backend\\venv\\nltk_data'
    - 'C:\\Users\\Rivith Ranjuna\\OneDrive\\Desktop\\movie-trailer-analyzer-frontend\\backend\\venv\\share\\nltk_data'
    - 'C:\\Users\\Rivith Ranjuna\\OneDrive\\Desktop\\movie-trailer-analyzer-frontend\\backend\\venv\\lib\\nltk_data'
    - 'C:\\Users\\Rivith Ranjuna\\AppData\\Roaming\\nltk_data'
    - 'C:\\nltk_data'
    - 'D:\\nltk_data'
    - 'E:\\nltk_data'
**********************************************************************

2026-05-10 09:25:46,713 - services.sentiment_service - ERROR - Error analyzing comment: 
**********************************************************************
  Resource 'punkt_tab' not found.
  Please use the NLTK Downloader to obtain the resource:

  >>> import nltk
  >>> nltk.download('punkt_tab')

  For more information see: https://www.nltk.org/data.html

  Attempted to load 'tokenizers/punkt_tab/english/'

  Searched in:
    - 'C:\\Users\\Rivith Ranjuna/nltk_data'
    - 'C:\\Users\\Rivith Ranjuna\\OneDrive\\Desktop\\movie-trailer-analyzer-frontend\\backend\\venv\\nltk_data'
    - 'C:\\Users\\Rivith Ranjuna\\OneDrive\\Desktop\\movie-trailer-analyzer-frontend\\backend\\venv\\share\\nltk_data'
    - 'C:\\Users\\Rivith Ranjuna\\OneDrive\\Desktop\\movie-trailer-analyzer-frontend\\backend\\venv\\lib\\nltk_data'
    - 'C:\\Users\\Rivith Ranjuna\\AppData\\Roaming\\nltk_data'
    - 'C:\\nltk_data'
    - 'D:\\nltk_data'
    - 'E:\\nltk_data'
**********************************************************************

2026-05-10 09:25:46,713 - services.sentiment_service - ERROR - Error analyzing comment: 
**********************************************************************
  Resource 'punkt_tab' not found.
  Please use the NLTK Downloader to obtain the resource:

  >>> import nltk
  >>> nltk.download('punkt_tab')

  For more information see: https://www.nltk.org/data.html

  Attempted to load 'tokenizers/punkt_tab/english/'

  Searched in:
    - 'C:\\Users\\Rivith Ranjuna/nltk_data'
    - 'C:\\Users\\Rivith Ranjuna\\OneDrive\\Desktop\\movie-trailer-analyzer-frontend\\backend\\venv\\nltk_data'
    - 'C:\\Users\\Rivith Ranjuna\\OneDrive\\Desktop\\movie-trailer-analyzer-frontend\\backend\\venv\\share\\nltk_data'
    - 'C:\\Users\\Rivith Ranjuna\\OneDrive\\Desktop\\movie-trailer-analyzer-frontend\\backend\\venv\\lib\\nltk_data'
    - 'C:\\Users\\Rivith Ranjuna\\AppData\\Roaming\\nltk_data'
    - 'C:\\nltk_data'
    - 'D:\\nltk_data'
    - 'E:\\nltk_data'
**********************************************************************

2026-05-10 09:25:46,716 - services.sentiment_service - ERROR - Error analyzing comment: 
**********************************************************************
  Resource 'punkt_tab' not found.
  Please use the NLTK Downloader to obtain the resource:

  >>> import nltk
  >>> nltk.download('punkt_tab')

  For more information see: https://www.nltk.org/data.html

  Attempted to load 'tokenizers/punkt_tab/english/'

  Searched in:
    - 'C:\\Users\\Rivith Ranjuna/nltk_data'
    - 'C:\\Users\\Rivith Ranjuna\\OneDrive\\Desktop\\movie-trailer-analyzer-frontend\\backend\\venv\\nltk_data'
    - 'C:\\Users\\Rivith Ranjuna\\OneDrive\\Desktop\\movie-trailer-analyzer-frontend\\backend\\venv\\share\\nltk_data'
    - 'C:\\Users\\Rivith Ranjuna\\OneDrive\\Desktop\\movie-trailer-analyzer-frontend\\backend\\venv\\lib\\nltk_data'
    - 'C:\\Users\\Rivith Ranjuna\\AppData\\Roaming\\nltk_data'
    - 'C:\\nltk_data'
    - 'D:\\nltk_data'
    - 'E:\\nltk_data'
**********************************************************************

2026-05-10 09:25:46,716 - services.sentiment_service - ERROR - Error analyzing comment: 
**********************************************************************
  Resource 'punkt_tab' not found.
  Please use the NLTK Downloader to obtain the resource:

  >>> import nltk
  >>> nltk.download('punkt_tab')

  For more information see: https://www.nltk.org/data.html

  Attempted to load 'tokenizers/punkt_tab/english/'

  Searched in:
    - 'C:\\Users\\Rivith Ranjuna/nltk_data'
    - 'C:\\Users\\Rivith Ranjuna\\OneDrive\\Desktop\\movie-trailer-analyzer-frontend\\backend\\venv\\nltk_data'
    - 'C:\\Users\\Rivith Ranjuna\\OneDrive\\Desktop\\movie-trailer-analyzer-frontend\\backend\\venv\\share\\nltk_data'
    - 'C:\\Users\\Rivith Ranjuna\\OneDrive\\Desktop\\movie-trailer-analyzer-frontend\\backend\\venv\\lib\\nltk_data'
    - 'C:\\Users\\Rivith Ranjuna\\AppData\\Roaming\\nltk_data'
    - 'C:\\nltk_data'
    - 'D:\\nltk_data'
    - 'E:\\nltk_data'
**********************************************************************

2026-05-10 09:25:46,722 - services.sentiment_service - ERROR - Error analyzing comment: 
**********************************************************************
  Resource 'punkt_tab' not found.
  Please use the NLTK Downloader to obtain the resource:

  >>> import nltk
  >>> nltk.download('punkt_tab')

  For more information see: https://www.nltk.org/data.html

  Attempted to load 'tokenizers/punkt_tab/english/'

  Searched in:
    - 'C:\\Users\\Rivith Ranjuna/nltk_data'
    - 'C:\\Users\\Rivith Ranjuna\\OneDrive\\Desktop\\movie-trailer-analyzer-frontend\\backend\\venv\\nltk_data'
    - 'C:\\Users\\Rivith Ranjuna\\OneDrive\\Desktop\\movie-trailer-analyzer-frontend\\backend\\venv\\share\\nltk_data'
    - 'C:\\Users\\Rivith Ranjuna\\OneDrive\\Desktop\\movie-trailer-analyzer-frontend\\backend\\venv\\lib\\nltk_data'
    - 'C:\\Users\\Rivith Ranjuna\\AppData\\Roaming\\nltk_data'
    - 'C:\\nltk_data'
    - 'D:\\nltk_data'
    - 'E:\\nltk_data'
**********************************************************************

2026-05-10 09:25:46,722 - services.sentiment_service - ERROR - Error analyzing comment: 
**********************************************************************
  Resource 'punkt_tab' not found.
  Please use the NLTK Downloader to obtain the resource:

  >>> import nltk
  >>> nltk.download('punkt_tab')

  For more information see: https://www.nltk.org/data.html

  Attempted to load 'tokenizers/punkt_tab/english/'

  Searched in:
    - 'C:\\Users\\Rivith Ranjuna/nltk_data'
    - 'C:\\Users\\Rivith Ranjuna\\OneDrive\\Desktop\\movie-trailer-analyzer-frontend\\backend\\venv\\nltk_data'
    - 'C:\\Users\\Rivith Ranjuna\\OneDrive\\Desktop\\movie-trailer-analyzer-frontend\\backend\\venv\\share\\nltk_data'
    - 'C:\\Users\\Rivith Ranjuna\\OneDrive\\Desktop\\movie-trailer-analyzer-frontend\\backend\\venv\\lib\\nltk_data'
    - 'C:\\Users\\Rivith Ranjuna\\AppData\\Roaming\\nltk_data'
    - 'C:\\nltk_data'
    - 'D:\\nltk_data'
    - 'E:\\nltk_data'
**********************************************************************

2026-05-10 09:25:46,725 - services.sentiment_service - ERROR - Error analyzing comment: 
**********************************************************************
  Resource 'punkt_tab' not found.
  Please use the NLTK Downloader to obtain the resource:

  >>> import nltk
  >>> nltk.download('punkt_tab')

  For more information see: https://www.nltk.org/data.html

  Attempted to load 'tokenizers/punkt_tab/english/'

  Searched in:
    - 'C:\\Users\\Rivith Ranjuna/nltk_data'
    - 'C:\\Users\\Rivith Ranjuna\\OneDrive\\Desktop\\movie-trailer-analyzer-frontend\\backend\\venv\\nltk_data'
    - 'C:\\Users\\Rivith Ranjuna\\OneDrive\\Desktop\\movie-trailer-analyzer-frontend\\backend\\venv\\share\\nltk_data'
    - 'C:\\Users\\Rivith Ranjuna\\OneDrive\\Desktop\\movie-trailer-analyzer-frontend\\backend\\venv\\lib\\nltk_data'
    - 'C:\\Users\\Rivith Ranjuna\\AppData\\Roaming\\nltk_data'
    - 'C:\\nltk_data'
    - 'D:\\nltk_data'
    - 'E:\\nltk_data'
**********************************************************************

2026-05-10 09:25:46,725 - services.sentiment_service - ERROR - Error analyzing comment: 
**********************************************************************
  Resource 'punkt_tab' not found.
  Please use the NLTK Downloader to obtain the resource:

  >>> import nltk
  >>> nltk.download('punkt_tab')

  For more information see: https://www.nltk.org/data.html

  Attempted to load 'tokenizers/punkt_tab/english/'

  Searched in:
    - 'C:\\Users\\Rivith Ranjuna/nltk_data'
    - 'C:\\Users\\Rivith Ranjuna\\OneDrive\\Desktop\\movie-trailer-analyzer-frontend\\backend\\venv\\nltk_data'
    - 'C:\\Users\\Rivith Ranjuna\\OneDrive\\Desktop\\movie-trailer-analyzer-frontend\\backend\\venv\\share\\nltk_data'
    - 'C:\\Users\\Rivith Ranjuna\\OneDrive\\Desktop\\movie-trailer-analyzer-frontend\\backend\\venv\\lib\\nltk_data'
    - 'C:\\Users\\Rivith Ranjuna\\AppData\\Roaming\\nltk_data'
    - 'C:\\nltk_data'
    - 'D:\\nltk_data'
    - 'E:\\nltk_data'
**********************************************************************

2026-05-10 09:25:46,728 - services.sentiment_service - ERROR - Error analyzing comment: 
**********************************************************************
  Resource 'punkt_tab' not found.
  Please use the NLTK Downloader to obtain the resource:

  >>> import nltk
  >>> nltk.download('punkt_tab')

  For more information see: https://www.nltk.org/data.html

  Attempted to load 'tokenizers/punkt_tab/english/'

  Searched in:
    - 'C:\\Users\\Rivith Ranjuna/nltk_data'
    - 'C:\\Users\\Rivith Ranjuna\\OneDrive\\Desktop\\movie-trailer-analyzer-frontend\\backend\\venv\\nltk_data'
    - 'C:\\Users\\Rivith Ranjuna\\OneDrive\\Desktop\\movie-trailer-analyzer-frontend\\backend\\venv\\share\\nltk_data'
    - 'C:\\Users\\Rivith Ranjuna\\OneDrive\\Desktop\\movie-trailer-analyzer-frontend\\backend\\venv\\lib\\nltk_data'
    - 'C:\\Users\\Rivith Ranjuna\\AppData\\Roaming\\nltk_data'
    - 'C:\\nltk_data'
    - 'D:\\nltk_data'
    - 'E:\\nltk_data'
**********************************************************************

2026-05-10 09:25:46,728 - services.sentiment_service - ERROR - Error analyzing comment: 
**********************************************************************
  Resource 'punkt_tab' not found.
  Please use the NLTK Downloader to obtain the resource:

  >>> import nltk
  >>> nltk.download('punkt_tab')

  For more information see: https://www.nltk.org/data.html

  Attempted to load 'tokenizers/punkt_tab/english/'

  Searched in:
    - 'C:\\Users\\Rivith Ranjuna/nltk_data'
    - 'C:\\Users\\Rivith Ranjuna\\OneDrive\\Desktop\\movie-trailer-analyzer-frontend\\backend\\venv\\nltk_data'
    - 'C:\\Users\\Rivith Ranjuna\\OneDrive\\Desktop\\movie-trailer-analyzer-frontend\\backend\\venv\\share\\nltk_data'
    - 'C:\\Users\\Rivith Ranjuna\\OneDrive\\Desktop\\movie-trailer-analyzer-frontend\\backend\\venv\\lib\\nltk_data'
    - 'C:\\Users\\Rivith Ranjuna\\AppData\\Roaming\\nltk_data'
    - 'C:\\nltk_data'
    - 'D:\\nltk_data'
    - 'E:\\nltk_data'
**********************************************************************

2026-05-10 09:25:46,731 - services.sentiment_service - ERROR - Error analyzing comment: 
**********************************************************************
  Resource 'punkt_tab' not found.
  Please use the NLTK Downloader to obtain the resource:

  >>> import nltk
  >>> nltk.download('punkt_tab')

  For more information see: https://www.nltk.org/data.html

  Attempted to load 'tokenizers/punkt_tab/english/'

  Searched in:
    - 'C:\\Users\\Rivith Ranjuna/nltk_data'
    - 'C:\\Users\\Rivith Ranjuna\\OneDrive\\Desktop\\movie-trailer-analyzer-frontend\\backend\\venv\\nltk_data'
    - 'C:\\Users\\Rivith Ranjuna\\OneDrive\\Desktop\\movie-trailer-analyzer-frontend\\backend\\venv\\share\\nltk_data'
    - 'C:\\Users\\Rivith Ranjuna\\OneDrive\\Desktop\\movie-trailer-analyzer-frontend\\backend\\venv\\lib\\nltk_data'
    - 'C:\\Users\\Rivith Ranjuna\\AppData\\Roaming\\nltk_data'
    - 'C:\\nltk_data'
    - 'D:\\nltk_data'
    - 'E:\\nltk_data'
**********************************************************************

2026-05-10 09:25:46,731 - services.sentiment_service - ERROR - Error analyzing comment: 
**********************************************************************
  Resource 'punkt_tab' not found.
  Please use the NLTK Downloader to obtain the resource:

  >>> import nltk
  >>> nltk.download('punkt_tab')

  For more information see: https://www.nltk.org/data.html

  Attempted to load 'tokenizers/punkt_tab/english/'

  Searched in:
    - 'C:\\Users\\Rivith Ranjuna/nltk_data'
    - 'C:\\Users\\Rivith Ranjuna\\OneDrive\\Desktop\\movie-trailer-analyzer-frontend\\backend\\venv\\nltk_data'
    - 'C:\\Users\\Rivith Ranjuna\\OneDrive\\Desktop\\movie-trailer-analyzer-frontend\\backend\\venv\\share\\nltk_data'
    - 'C:\\Users\\Rivith Ranjuna\\OneDrive\\Desktop\\movie-trailer-analyzer-frontend\\backend\\venv\\lib\\nltk_data'
    - 'C:\\Users\\Rivith Ranjuna\\AppData\\Roaming\\nltk_data'
    - 'C:\\nltk_data'
    - 'D:\\nltk_data'
    - 'E:\\nltk_data'
**********************************************************************

2026-05-10 09:25:46,737 - services.sentiment_service - ERROR - Error analyzing comment: 
**********************************************************************
  Resource 'punkt_tab' not found.
  Please use the NLTK Downloader to obtain the resource:

  >>> import nltk
  >>> nltk.download('punkt_tab')

  For more information see: https://www.nltk.org/data.html

  Attempted to load 'tokenizers/punkt_tab/english/'

  Searched in:
    - 'C:\\Users\\Rivith Ranjuna/nltk_data'
    - 'C:\\Users\\Rivith Ranjuna\\OneDrive\\Desktop\\movie-trailer-analyzer-frontend\\backend\\venv\\nltk_data'
    - 'C:\\Users\\Rivith Ranjuna\\OneDrive\\Desktop\\movie-trailer-analyzer-frontend\\backend\\venv\\share\\nltk_data'
    - 'C:\\Users\\Rivith Ranjuna\\OneDrive\\Desktop\\movie-trailer-analyzer-frontend\\backend\\venv\\lib\\nltk_data'
    - 'C:\\Users\\Rivith Ranjuna\\AppData\\Roaming\\nltk_data'
    - 'C:\\nltk_data'
    - 'D:\\nltk_data'
    - 'E:\\nltk_data'
**********************************************************************

2026-05-10 09:25:46,737 - services.sentiment_service - ERROR - Error analyzing comment: 
**********************************************************************
  Resource 'punkt_tab' not found.
  Please use the NLTK Downloader to obtain the resource:

  >>> import nltk
  >>> nltk.download('punkt_tab')

  For more information see: https://www.nltk.org/data.html

  Attempted to load 'tokenizers/punkt_tab/english/'

  Searched in:
    - 'C:\\Users\\Rivith Ranjuna/nltk_data'
    - 'C:\\Users\\Rivith Ranjuna\\OneDrive\\Desktop\\movie-trailer-analyzer-frontend\\backend\\venv\\nltk_data'
    - 'C:\\Users\\Rivith Ranjuna\\OneDrive\\Desktop\\movie-trailer-analyzer-frontend\\backend\\venv\\share\\nltk_data'
    - 'C:\\Users\\Rivith Ranjuna\\OneDrive\\Desktop\\movie-trailer-analyzer-frontend\\backend\\venv\\lib\\nltk_data'
    - 'C:\\Users\\Rivith Ranjuna\\AppData\\Roaming\\nltk_data'
    - 'C:\\nltk_data'
    - 'D:\\nltk_data'
    - 'E:\\nltk_data'
**********************************************************************

2026-05-10 09:25:46,738 - services.firebase_service - WARNING - Firebase not configured, skipping save
2026-05-10 09:25:46,738 - services.firebase_service - WARNING - Firebase not configured, skipping save
2026-05-10 09:25:46,739 - root - INFO - Response: 200
2026-05-10 09:25:46,739 - root - INFO - Response: 200
2026-05-10 09:25:46,740 - werkzeug - INFO - 127.0.0.1 - - [10/May/2026 09:25:46] "POST /api/sentiment/analyze HTTP/1.1" 200 -
2026-05-10 09:25:46,740 - werkzeug - INFO - 127.0.0.1 - - [10/May/2026 09:25:46] "POST /api/sentiment/analyze HTTP/1.1" 200 -
2026-05-10 09:27:46,873 - root - INFO - Request: OPTIONS /api/sentiment/analyze
2026-05-10 09:27:46,873 - root - INFO - Request: OPTIONS /api/sentiment/analyze
2026-05-10 09:27:46,874 - root - INFO - Response: 200
2026-05-10 09:27:46,874 - root - INFO - Response: 200
2026-05-10 09:27:46,875 - werkzeug - INFO - 127.0.0.1 - - [10/May/2026 09:27:46] "OPTIONS /api/sentiment/analyze HTTP/1.1" 200 -
2026-05-10 09:27:46,875 - werkzeug - INFO - 127.0.0.1 - - [10/May/2026 09:27:46] "OPTIONS /api/sentiment/analyze HTTP/1.1" 200 -
2026-05-10 09:27:47,144 - root - INFO - Request: POST /api/sentiment/analyze
2026-05-10 09:27:47,144 - root - INFO - Request: POST /api/sentiment/analyze
2026-05-10 09:27:47,148 - services.sentiment_service - ERROR - Error analyzing comment: 
**********************************************************************
  Resource 'punkt_tab' not found.
  Please use the NLTK Downloader to obtain the resource:

  >>> import nltk
  >>> nltk.download('punkt_tab')

  For more information see: https://www.nltk.org/data.html

  Attempted to load 'tokenizers/punkt_tab/english/'

  Searched in:
    - 'C:\\Users\\Rivith Ranjuna/nltk_data'
    - 'C:\\Users\\Rivith Ranjuna\\OneDrive\\Desktop\\movie-trailer-analyzer-frontend\\backend\\venv\\nltk_data'
    - 'C:\\Users\\Rivith Ranjuna\\OneDrive\\Desktop\\movie-trailer-analyzer-frontend\\backend\\venv\\share\\nltk_data'
    - 'C:\\Users\\Rivith Ranjuna\\OneDrive\\Desktop\\movie-trailer-analyzer-frontend\\backend\\venv\\lib\\nltk_data'
    - 'C:\\Users\\Rivith Ranjuna\\AppData\\Roaming\\nltk_data'
    - 'C:\\nltk_data'
    - 'D:\\nltk_data'
    - 'E:\\nltk_data'
**********************************************************************

2026-05-10 09:27:47,148 - services.sentiment_service - ERROR - Error analyzing comment: 
**********************************************************************
  Resource 'punkt_tab' not found.
  Please use the NLTK Downloader to obtain the resource:

  >>> import nltk
  >>> nltk.download('punkt_tab')

  For more information see: https://www.nltk.org/data.html

  Attempted to load 'tokenizers/punkt_tab/english/'

  Searched in:
    - 'C:\\Users\\Rivith Ranjuna/nltk_data'
    - 'C:\\Users\\Rivith Ranjuna\\OneDrive\\Desktop\\movie-trailer-analyzer-frontend\\backend\\venv\\nltk_data'
    - 'C:\\Users\\Rivith Ranjuna\\OneDrive\\Desktop\\movie-trailer-analyzer-frontend\\backend\\venv\\share\\nltk_data'
    - 'C:\\Users\\Rivith Ranjuna\\OneDrive\\Desktop\\movie-trailer-analyzer-frontend\\backend\\venv\\lib\\nltk_data'
    - 'C:\\Users\\Rivith Ranjuna\\AppData\\Roaming\\nltk_data'
    - 'C:\\nltk_data'
    - 'D:\\nltk_data'
    - 'E:\\nltk_data'
**********************************************************************

2026-05-10 09:27:47,151 - services.sentiment_service - ERROR - Error analyzing comment: 
**********************************************************************
  Resource 'punkt_tab' not found.
  Please use the NLTK Downloader to obtain the resource:

  >>> import nltk
  >>> nltk.download('punkt_tab')

  For more information see: https://www.nltk.org/data.html

  Attempted to load 'tokenizers/punkt_tab/english/'

  Searched in:
    - 'C:\\Users\\Rivith Ranjuna/nltk_data'
    - 'C:\\Users\\Rivith Ranjuna\\OneDrive\\Desktop\\movie-trailer-analyzer-frontend\\backend\\venv\\nltk_data'
    - 'C:\\Users\\Rivith Ranjuna\\OneDrive\\Desktop\\movie-trailer-analyzer-frontend\\backend\\venv\\share\\nltk_data'
    - 'C:\\Users\\Rivith Ranjuna\\OneDrive\\Desktop\\movie-trailer-analyzer-frontend\\backend\\venv\\lib\\nltk_data'
    - 'C:\\Users\\Rivith Ranjuna\\AppData\\Roaming\\nltk_data'
    - 'C:\\nltk_data'
    - 'D:\\nltk_data'
    - 'E:\\nltk_data'
**********************************************************************

2026-05-10 09:27:47,151 - services.sentiment_service - ERROR - Error analyzing comment: 
**********************************************************************
  Resource 'punkt_tab' not found.
  Please use the NLTK Downloader to obtain the resource:

  >>> import nltk
  >>> nltk.download('punkt_tab')

  For more information see: https://www.nltk.org/data.html

  Attempted to load 'tokenizers/punkt_tab/english/'

  Searched in:
    - 'C:\\Users\\Rivith Ranjuna/nltk_data'
    - 'C:\\Users\\Rivith Ranjuna\\OneDrive\\Desktop\\movie-trailer-analyzer-frontend\\backend\\venv\\nltk_data'
    - 'C:\\Users\\Rivith Ranjuna\\OneDrive\\Desktop\\movie-trailer-analyzer-frontend\\backend\\venv\\share\\nltk_data'
    - 'C:\\Users\\Rivith Ranjuna\\OneDrive\\Desktop\\movie-trailer-analyzer-frontend\\backend\\venv\\lib\\nltk_data'
    - 'C:\\Users\\Rivith Ranjuna\\AppData\\Roaming\\nltk_data'
    - 'C:\\nltk_data'
    - 'D:\\nltk_data'
    - 'E:\\nltk_data'
**********************************************************************

2026-05-10 09:27:47,154 - services.sentiment_service - ERROR - Error analyzing comment: 
**********************************************************************
  Resource 'punkt_tab' not found.
  Please use the NLTK Downloader to obtain the resource:

  >>> import nltk
  >>> nltk.download('punkt_tab')

  For more information see: https://www.nltk.org/data.html

  Attempted to load 'tokenizers/punkt_tab/english/'

  Searched in:
    - 'C:\\Users\\Rivith Ranjuna/nltk_data'
    - 'C:\\Users\\Rivith Ranjuna\\OneDrive\\Desktop\\movie-trailer-analyzer-frontend\\backend\\venv\\nltk_data'
    - 'C:\\Users\\Rivith Ranjuna\\OneDrive\\Desktop\\movie-trailer-analyzer-frontend\\backend\\venv\\share\\nltk_data'
    - 'C:\\Users\\Rivith Ranjuna\\OneDrive\\Desktop\\movie-trailer-analyzer-frontend\\backend\\venv\\lib\\nltk_data'
    - 'C:\\Users\\Rivith Ranjuna\\AppData\\Roaming\\nltk_data'
    - 'C:\\nltk_data'
    - 'D:\\nltk_data'
    - 'E:\\nltk_data'
**********************************************************************

2026-05-10 09:27:47,154 - services.sentiment_service - ERROR - Error analyzing comment: 
**********************************************************************
  Resource 'punkt_tab' not found.
  Please use the NLTK Downloader to obtain the resource:

  >>> import nltk
  >>> nltk.download('punkt_tab')

  For more information see: https://www.nltk.org/data.html

  Attempted to load 'tokenizers/punkt_tab/english/'

  Searched in:
    - 'C:\\Users\\Rivith Ranjuna/nltk_data'
    - 'C:\\Users\\Rivith Ranjuna\\OneDrive\\Desktop\\movie-trailer-analyzer-frontend\\backend\\venv\\nltk_data'
    - 'C:\\Users\\Rivith Ranjuna\\OneDrive\\Desktop\\movie-trailer-analyzer-frontend\\backend\\venv\\share\\nltk_data'
    - 'C:\\Users\\Rivith Ranjuna\\OneDrive\\Desktop\\movie-trailer-analyzer-frontend\\backend\\venv\\lib\\nltk_data'
    - 'C:\\Users\\Rivith Ranjuna\\AppData\\Roaming\\nltk_data'
    - 'C:\\nltk_data'
    - 'D:\\nltk_data'
    - 'E:\\nltk_data'
**********************************************************************

2026-05-10 09:27:47,158 - services.sentiment_service - ERROR - Error analyzing comment: 
**********************************************************************
  Resource 'punkt_tab' not found.
  Please use the NLTK Downloader to obtain the resource:

  >>> import nltk
  >>> nltk.download('punkt_tab')

  For more information see: https://www.nltk.org/data.html

  Attempted to load 'tokenizers/punkt_tab/english/'

  Searched in:
    - 'C:\\Users\\Rivith Ranjuna/nltk_data'
    - 'C:\\Users\\Rivith Ranjuna\\OneDrive\\Desktop\\movie-trailer-analyzer-frontend\\backend\\venv\\nltk_data'
    - 'C:\\Users\\Rivith Ranjuna\\OneDrive\\Desktop\\movie-trailer-analyzer-frontend\\backend\\venv\\share\\nltk_data'
    - 'C:\\Users\\Rivith Ranjuna\\OneDrive\\Desktop\\movie-trailer-analyzer-frontend\\backend\\venv\\lib\\nltk_data'
    - 'C:\\Users\\Rivith Ranjuna\\AppData\\Roaming\\nltk_data'
    - 'C:\\nltk_data'
    - 'D:\\nltk_data'
    - 'E:\\nltk_data'
**********************************************************************

2026-05-10 09:27:47,158 - services.sentiment_service - ERROR - Error analyzing comment: 
**********************************************************************
  Resource 'punkt_tab' not found.
  Please use the NLTK Downloader to obtain the resource:

  >>> import nltk
  >>> nltk.download('punkt_tab')

  For more information see: https://www.nltk.org/data.html

  Attempted to load 'tokenizers/punkt_tab/english/'

  Searched in:
    - 'C:\\Users\\Rivith Ranjuna/nltk_data'
    - 'C:\\Users\\Rivith Ranjuna\\OneDrive\\Desktop\\movie-trailer-analyzer-frontend\\backend\\venv\\nltk_data'
    - 'C:\\Users\\Rivith Ranjuna\\OneDrive\\Desktop\\movie-trailer-analyzer-frontend\\backend\\venv\\share\\nltk_data'
    - 'C:\\Users\\Rivith Ranjuna\\OneDrive\\Desktop\\movie-trailer-analyzer-frontend\\backend\\venv\\lib\\nltk_data'
    - 'C:\\Users\\Rivith Ranjuna\\AppData\\Roaming\\nltk_data'
    - 'C:\\nltk_data'
    - 'D:\\nltk_data'
    - 'E:\\nltk_data'
**********************************************************************

2026-05-10 09:27:47,161 - services.sentiment_service - ERROR - Error analyzing comment: 
**********************************************************************
  Resource 'punkt_tab' not found.
  Please use the NLTK Downloader to obtain the resource:

  >>> import nltk
  >>> nltk.download('punkt_tab')

  For more information see: https://www.nltk.org/data.html

  Attempted to load 'tokenizers/punkt_tab/english/'

  Searched in:
    - 'C:\\Users\\Rivith Ranjuna/nltk_data'
    - 'C:\\Users\\Rivith Ranjuna\\OneDrive\\Desktop\\movie-trailer-analyzer-frontend\\backend\\venv\\nltk_data'
    - 'C:\\Users\\Rivith Ranjuna\\OneDrive\\Desktop\\movie-trailer-analyzer-frontend\\backend\\venv\\share\\nltk_data'
    - 'C:\\Users\\Rivith Ranjuna\\OneDrive\\Desktop\\movie-trailer-analyzer-frontend\\backend\\venv\\lib\\nltk_data'
    - 'C:\\Users\\Rivith Ranjuna\\AppData\\Roaming\\nltk_data'
    - 'C:\\nltk_data'
    - 'D:\\nltk_data'
    - 'E:\\nltk_data'
**********************************************************************

2026-05-10 09:27:47,161 - services.sentiment_service - ERROR - Error analyzing comment: 
**********************************************************************
  Resource 'punkt_tab' not found.
  Please use the NLTK Downloader to obtain the resource:

  >>> import nltk
  >>> nltk.download('punkt_tab')

  For more information see: https://www.nltk.org/data.html

  Attempted to load 'tokenizers/punkt_tab/english/'

  Searched in:
    - 'C:\\Users\\Rivith Ranjuna/nltk_data'
    - 'C:\\Users\\Rivith Ranjuna\\OneDrive\\Desktop\\movie-trailer-analyzer-frontend\\backend\\venv\\nltk_data'
    - 'C:\\Users\\Rivith Ranjuna\\OneDrive\\Desktop\\movie-trailer-analyzer-frontend\\backend\\venv\\share\\nltk_data'
    - 'C:\\Users\\Rivith Ranjuna\\OneDrive\\Desktop\\movie-trailer-analyzer-frontend\\backend\\venv\\lib\\nltk_data'
    - 'C:\\Users\\Rivith Ranjuna\\AppData\\Roaming\\nltk_data'
    - 'C:\\nltk_data'
    - 'D:\\nltk_data'
    - 'E:\\nltk_data'
**********************************************************************

2026-05-10 09:27:47,166 - services.sentiment_service - ERROR - Error analyzing comment: 
**********************************************************************
  Resource 'punkt_tab' not found.
  Please use the NLTK Downloader to obtain the resource:

  >>> import nltk
  >>> nltk.download('punkt_tab')

  For more information see: https://www.nltk.org/data.html

  Attempted to load 'tokenizers/punkt_tab/english/'

  Searched in:
    - 'C:\\Users\\Rivith Ranjuna/nltk_data'
    - 'C:\\Users\\Rivith Ranjuna\\OneDrive\\Desktop\\movie-trailer-analyzer-frontend\\backend\\venv\\nltk_data'
    - 'C:\\Users\\Rivith Ranjuna\\OneDrive\\Desktop\\movie-trailer-analyzer-frontend\\backend\\venv\\share\\nltk_data'
    - 'C:\\Users\\Rivith Ranjuna\\OneDrive\\Desktop\\movie-trailer-analyzer-frontend\\backend\\venv\\lib\\nltk_data'
    - 'C:\\Users\\Rivith Ranjuna\\AppData\\Roaming\\nltk_data'
    - 'C:\\nltk_data'
    - 'D:\\nltk_data'
    - 'E:\\nltk_data'
**********************************************************************

2026-05-10 09:27:47,166 - services.sentiment_service - ERROR - Error analyzing comment: 
**********************************************************************
  Resource 'punkt_tab' not found.
  Please use the NLTK Downloader to obtain the resource:

  >>> import nltk
  >>> nltk.download('punkt_tab')

  For more information see: https://www.nltk.org/data.html

  Attempted to load 'tokenizers/punkt_tab/english/'

  Searched in:
    - 'C:\\Users\\Rivith Ranjuna/nltk_data'
    - 'C:\\Users\\Rivith Ranjuna\\OneDrive\\Desktop\\movie-trailer-analyzer-frontend\\backend\\venv\\nltk_data'
    - 'C:\\Users\\Rivith Ranjuna\\OneDrive\\Desktop\\movie-trailer-analyzer-frontend\\backend\\venv\\share\\nltk_data'
    - 'C:\\Users\\Rivith Ranjuna\\OneDrive\\Desktop\\movie-trailer-analyzer-frontend\\backend\\venv\\lib\\nltk_data'
    - 'C:\\Users\\Rivith Ranjuna\\AppData\\Roaming\\nltk_data'
    - 'C:\\nltk_data'
    - 'D:\\nltk_data'
    - 'E:\\nltk_data'
**********************************************************************

2026-05-10 09:27:47,170 - services.sentiment_service - ERROR - Error analyzing comment: 
**********************************************************************
  Resource 'punkt_tab' not found.
  Please use the NLTK Downloader to obtain the resource:

  >>> import nltk
  >>> nltk.download('punkt_tab')

  For more information see: https://www.nltk.org/data.html

  Attempted to load 'tokenizers/punkt_tab/english/'

  Searched in:
    - 'C:\\Users\\Rivith Ranjuna/nltk_data'
    - 'C:\\Users\\Rivith Ranjuna\\OneDrive\\Desktop\\movie-trailer-analyzer-frontend\\backend\\venv\\nltk_data'
    - 'C:\\Users\\Rivith Ranjuna\\OneDrive\\Desktop\\movie-trailer-analyzer-frontend\\backend\\venv\\share\\nltk_data'
    - 'C:\\Users\\Rivith Ranjuna\\OneDrive\\Desktop\\movie-trailer-analyzer-frontend\\backend\\venv\\lib\\nltk_data'
    - 'C:\\Users\\Rivith Ranjuna\\AppData\\Roaming\\nltk_data'
    - 'C:\\nltk_data'
    - 'D:\\nltk_data'
    - 'E:\\nltk_data'
**********************************************************************

2026-05-10 09:27:47,170 - services.sentiment_service - ERROR - Error analyzing comment: 
**********************************************************************
  Resource 'punkt_tab' not found.
  Please use the NLTK Downloader to obtain the resource:

  >>> import nltk
  >>> nltk.download('punkt_tab')

  For more information see: https://www.nltk.org/data.html

  Attempted to load 'tokenizers/punkt_tab/english/'

  Searched in:
    - 'C:\\Users\\Rivith Ranjuna/nltk_data'
    - 'C:\\Users\\Rivith Ranjuna\\OneDrive\\Desktop\\movie-trailer-analyzer-frontend\\backend\\venv\\nltk_data'
    - 'C:\\Users\\Rivith Ranjuna\\OneDrive\\Desktop\\movie-trailer-analyzer-frontend\\backend\\venv\\share\\nltk_data'
    - 'C:\\Users\\Rivith Ranjuna\\OneDrive\\Desktop\\movie-trailer-analyzer-frontend\\backend\\venv\\lib\\nltk_data'
    - 'C:\\Users\\Rivith Ranjuna\\AppData\\Roaming\\nltk_data'
    - 'C:\\nltk_data'
    - 'D:\\nltk_data'
    - 'E:\\nltk_data'
**********************************************************************

2026-05-10 09:27:47,173 - services.sentiment_service - ERROR - Error analyzing comment: 
**********************************************************************
  Resource 'punkt_tab' not found.
  Please use the NLTK Downloader to obtain the resource:

  >>> import nltk
  >>> nltk.download('punkt_tab')

  For more information see: https://www.nltk.org/data.html

  Attempted to load 'tokenizers/punkt_tab/english/'

  Searched in:
    - 'C:\\Users\\Rivith Ranjuna/nltk_data'
    - 'C:\\Users\\Rivith Ranjuna\\OneDrive\\Desktop\\movie-trailer-analyzer-frontend\\backend\\venv\\nltk_data'
    - 'C:\\Users\\Rivith Ranjuna\\OneDrive\\Desktop\\movie-trailer-analyzer-frontend\\backend\\venv\\share\\nltk_data'
    - 'C:\\Users\\Rivith Ranjuna\\OneDrive\\Desktop\\movie-trailer-analyzer-frontend\\backend\\venv\\lib\\nltk_data'
    - 'C:\\Users\\Rivith Ranjuna\\AppData\\Roaming\\nltk_data'
    - 'C:\\nltk_data'
    - 'D:\\nltk_data'
    - 'E:\\nltk_data'
**********************************************************************

2026-05-10 09:27:47,173 - services.sentiment_service - ERROR - Error analyzing comment: 
**********************************************************************
  Resource 'punkt_tab' not found.
  Please use the NLTK Downloader to obtain the resource:

  >>> import nltk
  >>> nltk.download('punkt_tab')

  For more information see: https://www.nltk.org/data.html

  Attempted to load 'tokenizers/punkt_tab/english/'

  Searched in:
    - 'C:\\Users\\Rivith Ranjuna/nltk_data'
    - 'C:\\Users\\Rivith Ranjuna\\OneDrive\\Desktop\\movie-trailer-analyzer-frontend\\backend\\venv\\nltk_data'
    - 'C:\\Users\\Rivith Ranjuna\\OneDrive\\Desktop\\movie-trailer-analyzer-frontend\\backend\\venv\\share\\nltk_data'
    - 'C:\\Users\\Rivith Ranjuna\\OneDrive\\Desktop\\movie-trailer-analyzer-frontend\\backend\\venv\\lib\\nltk_data'
    - 'C:\\Users\\Rivith Ranjuna\\AppData\\Roaming\\nltk_data'
    - 'C:\\nltk_data'
    - 'D:\\nltk_data'
    - 'E:\\nltk_data'
**********************************************************************

2026-05-10 09:27:47,177 - services.sentiment_service - ERROR - Error analyzing comment: 
**********************************************************************
  Resource 'punkt_tab' not found.
  Please use the NLTK Downloader to obtain the resource:

  >>> import nltk
  >>> nltk.download('punkt_tab')

  For more information see: https://www.nltk.org/data.html

  Attempted to load 'tokenizers/punkt_tab/english/'

  Searched in:
    - 'C:\\Users\\Rivith Ranjuna/nltk_data'
    - 'C:\\Users\\Rivith Ranjuna\\OneDrive\\Desktop\\movie-trailer-analyzer-frontend\\backend\\venv\\nltk_data'
    - 'C:\\Users\\Rivith Ranjuna\\OneDrive\\Desktop\\movie-trailer-analyzer-frontend\\backend\\venv\\share\\nltk_data'
    - 'C:\\Users\\Rivith Ranjuna\\OneDrive\\Desktop\\movie-trailer-analyzer-frontend\\backend\\venv\\lib\\nltk_data'
    - 'C:\\Users\\Rivith Ranjuna\\AppData\\Roaming\\nltk_data'
    - 'C:\\nltk_data'
    - 'D:\\nltk_data'
    - 'E:\\nltk_data'
**********************************************************************

2026-05-10 09:27:47,177 - services.sentiment_service - ERROR - Error analyzing comment: 
**********************************************************************
  Resource 'punkt_tab' not found.
  Please use the NLTK Downloader to obtain the resource:

  >>> import nltk
  >>> nltk.download('punkt_tab')

  For more information see: https://www.nltk.org/data.html

  Attempted to load 'tokenizers/punkt_tab/english/'

  Searched in:
    - 'C:\\Users\\Rivith Ranjuna/nltk_data'
    - 'C:\\Users\\Rivith Ranjuna\\OneDrive\\Desktop\\movie-trailer-analyzer-frontend\\backend\\venv\\nltk_data'
    - 'C:\\Users\\Rivith Ranjuna\\OneDrive\\Desktop\\movie-trailer-analyzer-frontend\\backend\\venv\\share\\nltk_data'
    - 'C:\\Users\\Rivith Ranjuna\\OneDrive\\Desktop\\movie-trailer-analyzer-frontend\\backend\\venv\\lib\\nltk_data'
    - 'C:\\Users\\Rivith Ranjuna\\AppData\\Roaming\\nltk_data'
    - 'C:\\nltk_data'
    - 'D:\\nltk_data'
    - 'E:\\nltk_data'
**********************************************************************

2026-05-10 09:27:47,185 - services.sentiment_service - ERROR - Error analyzing comment: 
**********************************************************************
  Resource 'punkt_tab' not found.
  Please use the NLTK Downloader to obtain the resource:

  >>> import nltk
  >>> nltk.download('punkt_tab')

  For more information see: https://www.nltk.org/data.html

  Attempted to load 'tokenizers/punkt_tab/english/'

  Searched in:
    - 'C:\\Users\\Rivith Ranjuna/nltk_data'
    - 'C:\\Users\\Rivith Ranjuna\\OneDrive\\Desktop\\movie-trailer-analyzer-frontend\\backend\\venv\\nltk_data'
    - 'C:\\Users\\Rivith Ranjuna\\OneDrive\\Desktop\\movie-trailer-analyzer-frontend\\backend\\venv\\share\\nltk_data'
    - 'C:\\Users\\Rivith Ranjuna\\OneDrive\\Desktop\\movie-trailer-analyzer-frontend\\backend\\venv\\lib\\nltk_data'
    - 'C:\\Users\\Rivith Ranjuna\\AppData\\Roaming\\nltk_data'
    - 'C:\\nltk_data'
    - 'D:\\nltk_data'
    - 'E:\\nltk_data'
**********************************************************************

2026-05-10 09:27:47,185 - services.sentiment_service - ERROR - Error analyzing comment: 
**********************************************************************
  Resource 'punkt_tab' not found.
  Please use the NLTK Downloader to obtain the resource:

  >>> import nltk
  >>> nltk.download('punkt_tab')

  For more information see: https://www.nltk.org/data.html

  Attempted to load 'tokenizers/punkt_tab/english/'

  Searched in:
    - 'C:\\Users\\Rivith Ranjuna/nltk_data'
    - 'C:\\Users\\Rivith Ranjuna\\OneDrive\\Desktop\\movie-trailer-analyzer-frontend\\backend\\venv\\nltk_data'
    - 'C:\\Users\\Rivith Ranjuna\\OneDrive\\Desktop\\movie-trailer-analyzer-frontend\\backend\\venv\\share\\nltk_data'
    - 'C:\\Users\\Rivith Ranjuna\\OneDrive\\Desktop\\movie-trailer-analyzer-frontend\\backend\\venv\\lib\\nltk_data'
    - 'C:\\Users\\Rivith Ranjuna\\AppData\\Roaming\\nltk_data'
    - 'C:\\nltk_data'
    - 'D:\\nltk_data'
    - 'E:\\nltk_data'
**********************************************************************

2026-05-10 09:27:47,194 - services.firebase_service - WARNING - Firebase not configured, skipping save
2026-05-10 09:27:47,194 - services.firebase_service - WARNING - Firebase not configured, skipping save
2026-05-10 09:27:47,197 - root - INFO - Response: 200
2026-05-10 09:27:47,197 - root - INFO - Response: 200
2026-05-10 09:27:47,198 - werkzeug - INFO - 127.0.0.1 - - [10/May/2026 09:27:47] "POST /api/sentiment/analyze HTTP/1.1" 200 -
2026-05-10 09:27:47,198 - werkzeug - INFO - 127.0.0.1 - - [10/May/2026 09:27:47] "POST /api/sentiment/analyze HTTP/1.1" 200 -
2026-05-10 09:30:44,479 - root - INFO - Request: OPTIONS /api/sentiment/analyze
2026-05-10 09:30:44,479 - root - INFO - Request: OPTIONS /api/sentiment/analyze
2026-05-10 09:30:44,481 - root - INFO - Response: 200
2026-05-10 09:30:44,481 - root - INFO - Response: 200
2026-05-10 09:30:44,482 - werkzeug - INFO - 127.0.0.1 - - [10/May/2026 09:30:44] "OPTIONS /api/sentiment/analyze HTTP/1.1" 200 -
2026-05-10 09:30:44,482 - werkzeug - INFO - 127.0.0.1 - - [10/May/2026 09:30:44] "OPTIONS /api/sentiment/analyze HTTP/1.1" 200 -
2026-05-10 09:30:44,726 - root - INFO - Request: POST /api/sentiment/analyze
2026-05-10 09:30:44,726 - root - INFO - Request: POST /api/sentiment/analyze
2026-05-10 09:30:44,729 - services.sentiment_service - ERROR - Error analyzing comment: 
**********************************************************************
  Resource 'punkt_tab' not found.
  Please use the NLTK Downloader to obtain the resource:

  >>> import nltk
  >>> nltk.download('punkt_tab')

  For more information see: https://www.nltk.org/data.html

  Attempted to load 'tokenizers/punkt_tab/english/'

  Searched in:
    - 'C:\\Users\\Rivith Ranjuna/nltk_data'
    - 'C:\\Users\\Rivith Ranjuna\\OneDrive\\Desktop\\movie-trailer-analyzer-frontend\\backend\\venv\\nltk_data'
    - 'C:\\Users\\Rivith Ranjuna\\OneDrive\\Desktop\\movie-trailer-analyzer-frontend\\backend\\venv\\share\\nltk_data'
    - 'C:\\Users\\Rivith Ranjuna\\OneDrive\\Desktop\\movie-trailer-analyzer-frontend\\backend\\venv\\lib\\nltk_data'
    - 'C:\\Users\\Rivith Ranjuna\\AppData\\Roaming\\nltk_data'
    - 'C:\\nltk_data'
    - 'D:\\nltk_data'
    - 'E:\\nltk_data'
**********************************************************************

2026-05-10 09:30:44,729 - services.sentiment_service - ERROR - Error analyzing comment: 
**********************************************************************
  Resource 'punkt_tab' not found.
  Please use the NLTK Downloader to obtain the resource:

  >>> import nltk
  >>> nltk.download('punkt_tab')

  For more information see: https://www.nltk.org/data.html

  Attempted to load 'tokenizers/punkt_tab/english/'

  Searched in:
    - 'C:\\Users\\Rivith Ranjuna/nltk_data'
    - 'C:\\Users\\Rivith Ranjuna\\OneDrive\\Desktop\\movie-trailer-analyzer-frontend\\backend\\venv\\nltk_data'
    - 'C:\\Users\\Rivith Ranjuna\\OneDrive\\Desktop\\movie-trailer-analyzer-frontend\\backend\\venv\\share\\nltk_data'
    - 'C:\\Users\\Rivith Ranjuna\\OneDrive\\Desktop\\movie-trailer-analyzer-frontend\\backend\\venv\\lib\\nltk_data'
    - 'C:\\Users\\Rivith Ranjuna\\AppData\\Roaming\\nltk_data'
    - 'C:\\nltk_data'
    - 'D:\\nltk_data'
    - 'E:\\nltk_data'
**********************************************************************

2026-05-10 09:30:44,732 - services.sentiment_service - ERROR - Error analyzing comment: 
**********************************************************************
  Resource 'punkt_tab' not found.
  Please use the NLTK Downloader to obtain the resource:

  >>> import nltk
  >>> nltk.download('punkt_tab')

  For more information see: https://www.nltk.org/data.html

  Attempted to load 'tokenizers/punkt_tab/english/'

  Searched in:
    - 'C:\\Users\\Rivith Ranjuna/nltk_data'
    - 'C:\\Users\\Rivith Ranjuna\\OneDrive\\Desktop\\movie-trailer-analyzer-frontend\\backend\\venv\\nltk_data'
    - 'C:\\Users\\Rivith Ranjuna\\OneDrive\\Desktop\\movie-trailer-analyzer-frontend\\backend\\venv\\share\\nltk_data'
    - 'C:\\Users\\Rivith Ranjuna\\OneDrive\\Desktop\\movie-trailer-analyzer-frontend\\backend\\venv\\lib\\nltk_data'
    - 'C:\\Users\\Rivith Ranjuna\\AppData\\Roaming\\nltk_data'
    - 'C:\\nltk_data'
    - 'D:\\nltk_data'
    - 'E:\\nltk_data'
**********************************************************************

2026-05-10 09:30:44,732 - services.sentiment_service - ERROR - Error analyzing comment: 
**********************************************************************
  Resource 'punkt_tab' not found.
  Please use the NLTK Downloader to obtain the resource:

  >>> import nltk
  >>> nltk.download('punkt_tab')

  For more information see: https://www.nltk.org/data.html

  Attempted to load 'tokenizers/punkt_tab/english/'

  Searched in:
    - 'C:\\Users\\Rivith Ranjuna/nltk_data'
    - 'C:\\Users\\Rivith Ranjuna\\OneDrive\\Desktop\\movie-trailer-analyzer-frontend\\backend\\venv\\nltk_data'
    - 'C:\\Users\\Rivith Ranjuna\\OneDrive\\Desktop\\movie-trailer-analyzer-frontend\\backend\\venv\\share\\nltk_data'
    - 'C:\\Users\\Rivith Ranjuna\\OneDrive\\Desktop\\movie-trailer-analyzer-frontend\\backend\\venv\\lib\\nltk_data'
    - 'C:\\Users\\Rivith Ranjuna\\AppData\\Roaming\\nltk_data'
    - 'C:\\nltk_data'
    - 'D:\\nltk_data'
    - 'E:\\nltk_data'
**********************************************************************

2026-05-10 09:30:44,734 - services.sentiment_service - ERROR - Error analyzing comment: 
**********************************************************************
  Resource 'punkt_tab' not found.
  Please use the NLTK Downloader to obtain the resource:

  >>> import nltk
  >>> nltk.download('punkt_tab')

  For more information see: https://www.nltk.org/data.html

  Attempted to load 'tokenizers/punkt_tab/english/'

  Searched in:
    - 'C:\\Users\\Rivith Ranjuna/nltk_data'
    - 'C:\\Users\\Rivith Ranjuna\\OneDrive\\Desktop\\movie-trailer-analyzer-frontend\\backend\\venv\\nltk_data'
    - 'C:\\Users\\Rivith Ranjuna\\OneDrive\\Desktop\\movie-trailer-analyzer-frontend\\backend\\venv\\share\\nltk_data'
    - 'C:\\Users\\Rivith Ranjuna\\OneDrive\\Desktop\\movie-trailer-analyzer-frontend\\backend\\venv\\lib\\nltk_data'
    - 'C:\\Users\\Rivith Ranjuna\\AppData\\Roaming\\nltk_data'
    - 'C:\\nltk_data'
    - 'D:\\nltk_data'
    - 'E:\\nltk_data'
**********************************************************************

2026-05-10 09:30:44,734 - services.sentiment_service - ERROR - Error analyzing comment: 
**********************************************************************
  Resource 'punkt_tab' not found.
  Please use the NLTK Downloader to obtain the resource:

  >>> import nltk
  >>> nltk.download('punkt_tab')

  For more information see: https://www.nltk.org/data.html

  Attempted to load 'tokenizers/punkt_tab/english/'

  Searched in:
    - 'C:\\Users\\Rivith Ranjuna/nltk_data'
    - 'C:\\Users\\Rivith Ranjuna\\OneDrive\\Desktop\\movie-trailer-analyzer-frontend\\backend\\venv\\nltk_data'
    - 'C:\\Users\\Rivith Ranjuna\\OneDrive\\Desktop\\movie-trailer-analyzer-frontend\\backend\\venv\\share\\nltk_data'
    - 'C:\\Users\\Rivith Ranjuna\\OneDrive\\Desktop\\movie-trailer-analyzer-frontend\\backend\\venv\\lib\\nltk_data'
    - 'C:\\Users\\Rivith Ranjuna\\AppData\\Roaming\\nltk_data'
    - 'C:\\nltk_data'
    - 'D:\\nltk_data'
    - 'E:\\nltk_data'
**********************************************************************

2026-05-10 09:30:44,737 - services.sentiment_service - ERROR - Error analyzing comment: 
**********************************************************************
  Resource 'punkt_tab' not found.
  Please use the NLTK Downloader to obtain the resource:

  >>> import nltk
  >>> nltk.download('punkt_tab')

  For more information see: https://www.nltk.org/data.html

  Attempted to load 'tokenizers/punkt_tab/english/'

  Searched in:
    - 'C:\\Users\\Rivith Ranjuna/nltk_data'
    - 'C:\\Users\\Rivith Ranjuna\\OneDrive\\Desktop\\movie-trailer-analyzer-frontend\\backend\\venv\\nltk_data'
    - 'C:\\Users\\Rivith Ranjuna\\OneDrive\\Desktop\\movie-trailer-analyzer-frontend\\backend\\venv\\share\\nltk_data'
    - 'C:\\Users\\Rivith Ranjuna\\OneDrive\\Desktop\\movie-trailer-analyzer-frontend\\backend\\venv\\lib\\nltk_data'
    - 'C:\\Users\\Rivith Ranjuna\\AppData\\Roaming\\nltk_data'
    - 'C:\\nltk_data'
    - 'D:\\nltk_data'
    - 'E:\\nltk_data'
**********************************************************************

2026-05-10 09:30:44,737 - services.sentiment_service - ERROR - Error analyzing comment: 
**********************************************************************
  Resource 'punkt_tab' not found.
  Please use the NLTK Downloader to obtain the resource:

  >>> import nltk
  >>> nltk.download('punkt_tab')

  For more information see: https://www.nltk.org/data.html

  Attempted to load 'tokenizers/punkt_tab/english/'

  Searched in:
    - 'C:\\Users\\Rivith Ranjuna/nltk_data'
    - 'C:\\Users\\Rivith Ranjuna\\OneDrive\\Desktop\\movie-trailer-analyzer-frontend\\backend\\venv\\nltk_data'
    - 'C:\\Users\\Rivith Ranjuna\\OneDrive\\Desktop\\movie-trailer-analyzer-frontend\\backend\\venv\\share\\nltk_data'
    - 'C:\\Users\\Rivith Ranjuna\\OneDrive\\Desktop\\movie-trailer-analyzer-frontend\\backend\\venv\\lib\\nltk_data'
    - 'C:\\Users\\Rivith Ranjuna\\AppData\\Roaming\\nltk_data'
    - 'C:\\nltk_data'
    - 'D:\\nltk_data'
    - 'E:\\nltk_data'
**********************************************************************

2026-05-10 09:30:44,739 - services.sentiment_service - ERROR - Error analyzing comment: 
**********************************************************************
  Resource 'punkt_tab' not found.
  Please use the NLTK Downloader to obtain the resource:

  >>> import nltk
  >>> nltk.download('punkt_tab')

  For more information see: https://www.nltk.org/data.html

  Attempted to load 'tokenizers/punkt_tab/english/'

  Searched in:
    - 'C:\\Users\\Rivith Ranjuna/nltk_data'
    - 'C:\\Users\\Rivith Ranjuna\\OneDrive\\Desktop\\movie-trailer-analyzer-frontend\\backend\\venv\\nltk_data'
    - 'C:\\Users\\Rivith Ranjuna\\OneDrive\\Desktop\\movie-trailer-analyzer-frontend\\backend\\venv\\share\\nltk_data'
    - 'C:\\Users\\Rivith Ranjuna\\OneDrive\\Desktop\\movie-trailer-analyzer-frontend\\backend\\venv\\lib\\nltk_data'
    - 'C:\\Users\\Rivith Ranjuna\\AppData\\Roaming\\nltk_data'
    - 'C:\\nltk_data'
    - 'D:\\nltk_data'
    - 'E:\\nltk_data'
**********************************************************************

2026-05-10 09:30:44,739 - services.sentiment_service - ERROR - Error analyzing comment: 
**********************************************************************
  Resource 'punkt_tab' not found.
  Please use the NLTK Downloader to obtain the resource:

  >>> import nltk
  >>> nltk.download('punkt_tab')

  For more information see: https://www.nltk.org/data.html

  Attempted to load 'tokenizers/punkt_tab/english/'

  Searched in:
    - 'C:\\Users\\Rivith Ranjuna/nltk_data'
    - 'C:\\Users\\Rivith Ranjuna\\OneDrive\\Desktop\\movie-trailer-analyzer-frontend\\backend\\venv\\nltk_data'
    - 'C:\\Users\\Rivith Ranjuna\\OneDrive\\Desktop\\movie-trailer-analyzer-frontend\\backend\\venv\\share\\nltk_data'
    - 'C:\\Users\\Rivith Ranjuna\\OneDrive\\Desktop\\movie-trailer-analyzer-frontend\\backend\\venv\\lib\\nltk_data'
    - 'C:\\Users\\Rivith Ranjuna\\AppData\\Roaming\\nltk_data'
    - 'C:\\nltk_data'
    - 'D:\\nltk_data'
    - 'E:\\nltk_data'
**********************************************************************

2026-05-10 09:30:44,741 - services.sentiment_service - ERROR - Error analyzing comment: 
**********************************************************************
  Resource 'punkt_tab' not found.
  Please use the NLTK Downloader to obtain the resource:

  >>> import nltk
  >>> nltk.download('punkt_tab')

  For more information see: https://www.nltk.org/data.html

  Attempted to load 'tokenizers/punkt_tab/english/'

  Searched in:
    - 'C:\\Users\\Rivith Ranjuna/nltk_data'
    - 'C:\\Users\\Rivith Ranjuna\\OneDrive\\Desktop\\movie-trailer-analyzer-frontend\\backend\\venv\\nltk_data'
    - 'C:\\Users\\Rivith Ranjuna\\OneDrive\\Desktop\\movie-trailer-analyzer-frontend\\backend\\venv\\share\\nltk_data'
    - 'C:\\Users\\Rivith Ranjuna\\OneDrive\\Desktop\\movie-trailer-analyzer-frontend\\backend\\venv\\lib\\nltk_data'
    - 'C:\\Users\\Rivith Ranjuna\\AppData\\Roaming\\nltk_data'
    - 'C:\\nltk_data'
    - 'D:\\nltk_data'
    - 'E:\\nltk_data'
**********************************************************************

2026-05-10 09:30:44,741 - services.sentiment_service - ERROR - Error analyzing comment: 
**********************************************************************
  Resource 'punkt_tab' not found.
  Please use the NLTK Downloader to obtain the resource:

  >>> import nltk
  >>> nltk.download('punkt_tab')

  For more information see: https://www.nltk.org/data.html

  Attempted to load 'tokenizers/punkt_tab/english/'

  Searched in:
    - 'C:\\Users\\Rivith Ranjuna/nltk_data'
    - 'C:\\Users\\Rivith Ranjuna\\OneDrive\\Desktop\\movie-trailer-analyzer-frontend\\backend\\venv\\nltk_data'
    - 'C:\\Users\\Rivith Ranjuna\\OneDrive\\Desktop\\movie-trailer-analyzer-frontend\\backend\\venv\\share\\nltk_data'
    - 'C:\\Users\\Rivith Ranjuna\\OneDrive\\Desktop\\movie-trailer-analyzer-frontend\\backend\\venv\\lib\\nltk_data'
    - 'C:\\Users\\Rivith Ranjuna\\AppData\\Roaming\\nltk_data'
    - 'C:\\nltk_data'
    - 'D:\\nltk_data'
    - 'E:\\nltk_data'
**********************************************************************

2026-05-10 09:30:44,746 - services.sentiment_service - ERROR - Error analyzing comment: 
**********************************************************************
  Resource 'punkt_tab' not found.
  Please use the NLTK Downloader to obtain the resource:

  >>> import nltk
  >>> nltk.download('punkt_tab')

  For more information see: https://www.nltk.org/data.html

  Attempted to load 'tokenizers/punkt_tab/english/'

  Searched in:
    - 'C:\\Users\\Rivith Ranjuna/nltk_data'
    - 'C:\\Users\\Rivith Ranjuna\\OneDrive\\Desktop\\movie-trailer-analyzer-frontend\\backend\\venv\\nltk_data'
    - 'C:\\Users\\Rivith Ranjuna\\OneDrive\\Desktop\\movie-trailer-analyzer-frontend\\backend\\venv\\share\\nltk_data'
    - 'C:\\Users\\Rivith Ranjuna\\OneDrive\\Desktop\\movie-trailer-analyzer-frontend\\backend\\venv\\lib\\nltk_data'
    - 'C:\\Users\\Rivith Ranjuna\\AppData\\Roaming\\nltk_data'
    - 'C:\\nltk_data'
    - 'D:\\nltk_data'
    - 'E:\\nltk_data'
**********************************************************************

2026-05-10 09:30:44,746 - services.sentiment_service - ERROR - Error analyzing comment: 
**********************************************************************
  Resource 'punkt_tab' not found.
  Please use the NLTK Downloader to obtain the resource:

  >>> import nltk
  >>> nltk.download('punkt_tab')

  For more information see: https://www.nltk.org/data.html

  Attempted to load 'tokenizers/punkt_tab/english/'

  Searched in:
    - 'C:\\Users\\Rivith Ranjuna/nltk_data'
    - 'C:\\Users\\Rivith Ranjuna\\OneDrive\\Desktop\\movie-trailer-analyzer-frontend\\backend\\venv\\nltk_data'
    - 'C:\\Users\\Rivith Ranjuna\\OneDrive\\Desktop\\movie-trailer-analyzer-frontend\\backend\\venv\\share\\nltk_data'
    - 'C:\\Users\\Rivith Ranjuna\\OneDrive\\Desktop\\movie-trailer-analyzer-frontend\\backend\\venv\\lib\\nltk_data'
    - 'C:\\Users\\Rivith Ranjuna\\AppData\\Roaming\\nltk_data'
    - 'C:\\nltk_data'
    - 'D:\\nltk_data'
    - 'E:\\nltk_data'
**********************************************************************

2026-05-10 09:30:44,750 - services.sentiment_service - ERROR - Error analyzing comment: 
**********************************************************************
  Resource 'punkt_tab' not found.
  Please use the NLTK Downloader to obtain the resource:

  >>> import nltk
  >>> nltk.download('punkt_tab')

  For more information see: https://www.nltk.org/data.html

  Attempted to load 'tokenizers/punkt_tab/english/'

  Searched in:
    - 'C:\\Users\\Rivith Ranjuna/nltk_data'
    - 'C:\\Users\\Rivith Ranjuna\\OneDrive\\Desktop\\movie-trailer-analyzer-frontend\\backend\\venv\\nltk_data'
    - 'C:\\Users\\Rivith Ranjuna\\OneDrive\\Desktop\\movie-trailer-analyzer-frontend\\backend\\venv\\share\\nltk_data'
    - 'C:\\Users\\Rivith Ranjuna\\OneDrive\\Desktop\\movie-trailer-analyzer-frontend\\backend\\venv\\lib\\nltk_data'
    - 'C:\\Users\\Rivith Ranjuna\\AppData\\Roaming\\nltk_data'
    - 'C:\\nltk_data'
    - 'D:\\nltk_data'
    - 'E:\\nltk_data'
**********************************************************************

2026-05-10 09:30:44,750 - services.sentiment_service - ERROR - Error analyzing comment: 
**********************************************************************
  Resource 'punkt_tab' not found.
  Please use the NLTK Downloader to obtain the resource:

  >>> import nltk
  >>> nltk.download('punkt_tab')

  For more information see: https://www.nltk.org/data.html

  Attempted to load 'tokenizers/punkt_tab/english/'

  Searched in:
    - 'C:\\Users\\Rivith Ranjuna/nltk_data'
    - 'C:\\Users\\Rivith Ranjuna\\OneDrive\\Desktop\\movie-trailer-analyzer-frontend\\backend\\venv\\nltk_data'
    - 'C:\\Users\\Rivith Ranjuna\\OneDrive\\Desktop\\movie-trailer-analyzer-frontend\\backend\\venv\\share\\nltk_data'
    - 'C:\\Users\\Rivith Ranjuna\\OneDrive\\Desktop\\movie-trailer-analyzer-frontend\\backend\\venv\\lib\\nltk_data'
    - 'C:\\Users\\Rivith Ranjuna\\AppData\\Roaming\\nltk_data'
    - 'C:\\nltk_data'
    - 'D:\\nltk_data'
    - 'E:\\nltk_data'
**********************************************************************

2026-05-10 09:30:44,753 - services.sentiment_service - ERROR - Error analyzing comment: 
**********************************************************************
  Resource 'punkt_tab' not found.
  Please use the NLTK Downloader to obtain the resource:

  >>> import nltk
  >>> nltk.download('punkt_tab')

  For more information see: https://www.nltk.org/data.html

  Attempted to load 'tokenizers/punkt_tab/english/'

  Searched in:
    - 'C:\\Users\\Rivith Ranjuna/nltk_data'
    - 'C:\\Users\\Rivith Ranjuna\\OneDrive\\Desktop\\movie-trailer-analyzer-frontend\\backend\\venv\\nltk_data'
    - 'C:\\Users\\Rivith Ranjuna\\OneDrive\\Desktop\\movie-trailer-analyzer-frontend\\backend\\venv\\share\\nltk_data'
    - 'C:\\Users\\Rivith Ranjuna\\OneDrive\\Desktop\\movie-trailer-analyzer-frontend\\backend\\venv\\lib\\nltk_data'
    - 'C:\\Users\\Rivith Ranjuna\\AppData\\Roaming\\nltk_data'
    - 'C:\\nltk_data'
    - 'D:\\nltk_data'
    - 'E:\\nltk_data'
**********************************************************************

2026-05-10 09:30:44,753 - services.sentiment_service - ERROR - Error analyzing comment: 
**********************************************************************
  Resource 'punkt_tab' not found.
  Please use the NLTK Downloader to obtain the resource:

  >>> import nltk
  >>> nltk.download('punkt_tab')

  For more information see: https://www.nltk.org/data.html

  Attempted to load 'tokenizers/punkt_tab/english/'

  Searched in:
    - 'C:\\Users\\Rivith Ranjuna/nltk_data'
    - 'C:\\Users\\Rivith Ranjuna\\OneDrive\\Desktop\\movie-trailer-analyzer-frontend\\backend\\venv\\nltk_data'
    - 'C:\\Users\\Rivith Ranjuna\\OneDrive\\Desktop\\movie-trailer-analyzer-frontend\\backend\\venv\\share\\nltk_data'
    - 'C:\\Users\\Rivith Ranjuna\\OneDrive\\Desktop\\movie-trailer-analyzer-frontend\\backend\\venv\\lib\\nltk_data'
    - 'C:\\Users\\Rivith Ranjuna\\AppData\\Roaming\\nltk_data'
    - 'C:\\nltk_data'
    - 'D:\\nltk_data'
    - 'E:\\nltk_data'
**********************************************************************

2026-05-10 09:30:44,756 - services.sentiment_service - ERROR - Error analyzing comment: 
**********************************************************************
  Resource 'punkt_tab' not found.
  Please use the NLTK Downloader to obtain the resource:

  >>> import nltk
  >>> nltk.download('punkt_tab')

  For more information see: https://www.nltk.org/data.html

  Attempted to load 'tokenizers/punkt_tab/english/'

  Searched in:
    - 'C:\\Users\\Rivith Ranjuna/nltk_data'
    - 'C:\\Users\\Rivith Ranjuna\\OneDrive\\Desktop\\movie-trailer-analyzer-frontend\\backend\\venv\\nltk_data'
    - 'C:\\Users\\Rivith Ranjuna\\OneDrive\\Desktop\\movie-trailer-analyzer-frontend\\backend\\venv\\share\\nltk_data'
    - 'C:\\Users\\Rivith Ranjuna\\OneDrive\\Desktop\\movie-trailer-analyzer-frontend\\backend\\venv\\lib\\nltk_data'
    - 'C:\\Users\\Rivith Ranjuna\\AppData\\Roaming\\nltk_data'
    - 'C:\\nltk_data'
    - 'D:\\nltk_data'
    - 'E:\\nltk_data'
**********************************************************************

2026-05-10 09:30:44,756 - services.sentiment_service - ERROR - Error analyzing comment: 
**********************************************************************
  Resource 'punkt_tab' not found.
  Please use the NLTK Downloader to obtain the resource:

  >>> import nltk
  >>> nltk.download('punkt_tab')

  For more information see: https://www.nltk.org/data.html

  Attempted to load 'tokenizers/punkt_tab/english/'

  Searched in:
    - 'C:\\Users\\Rivith Ranjuna/nltk_data'
    - 'C:\\Users\\Rivith Ranjuna\\OneDrive\\Desktop\\movie-trailer-analyzer-frontend\\backend\\venv\\nltk_data'
    - 'C:\\Users\\Rivith Ranjuna\\OneDrive\\Desktop\\movie-trailer-analyzer-frontend\\backend\\venv\\share\\nltk_data'
    - 'C:\\Users\\Rivith Ranjuna\\OneDrive\\Desktop\\movie-trailer-analyzer-frontend\\backend\\venv\\lib\\nltk_data'
    - 'C:\\Users\\Rivith Ranjuna\\AppData\\Roaming\\nltk_data'
    - 'C:\\nltk_data'
    - 'D:\\nltk_data'
    - 'E:\\nltk_data'
**********************************************************************

2026-05-10 09:30:44,757 - services.firebase_service - WARNING - Firebase not configured, skipping save
2026-05-10 09:30:44,757 - services.firebase_service - WARNING - Firebase not configured, skipping save
2026-05-10 09:30:44,758 - root - INFO - Response: 200
2026-05-10 09:30:44,758 - root - INFO - Response: 200
2026-05-10 09:30:44,759 - werkzeug - INFO - 127.0.0.1 - - [10/May/2026 09:30:44] "POST /api/sentiment/analyze HTTP/1.1" 200 -
2026-05-10 09:30:44,759 - werkzeug - INFO - 127.0.0.1 - - [10/May/2026 09:30:44] "POST /api/sentiment/analyze HTTP/1.1" 200 -
2026-05-10 09:34:04,397 - root - INFO - Request: OPTIONS /api/sentiment/analyze
2026-05-10 09:34:04,397 - root - INFO - Request: OPTIONS /api/sentiment/analyze
2026-05-10 09:34:04,398 - root - INFO - Response: 200
2026-05-10 09:34:04,398 - root - INFO - Response: 200
2026-05-10 09:34:04,400 - werkzeug - INFO - 127.0.0.1 - - [10/May/2026 09:34:04] "OPTIONS /api/sentiment/analyze HTTP/1.1" 200 -
2026-05-10 09:34:04,400 - werkzeug - INFO - 127.0.0.1 - - [10/May/2026 09:34:04] "OPTIONS /api/sentiment/analyze HTTP/1.1" 200 -
2026-05-10 09:34:04,645 - root - INFO - Request: POST /api/sentiment/analyze
2026-05-10 09:34:04,645 - root - INFO - Request: POST /api/sentiment/analyze
2026-05-10 09:34:04,649 - services.sentiment_service - ERROR - Error analyzing comment: 
**********************************************************************
  Resource 'punkt_tab' not found.
  Please use the NLTK Downloader to obtain the resource:

  >>> import nltk
  >>> nltk.download('punkt_tab')

  For more information see: https://www.nltk.org/data.html

  Attempted to load 'tokenizers/punkt_tab/english/'

  Searched in:
    - 'C:\\Users\\Rivith Ranjuna/nltk_data'
    - 'C:\\Users\\Rivith Ranjuna\\OneDrive\\Desktop\\movie-trailer-analyzer-frontend\\backend\\venv\\nltk_data'
    - 'C:\\Users\\Rivith Ranjuna\\OneDrive\\Desktop\\movie-trailer-analyzer-frontend\\backend\\venv\\share\\nltk_data'
    - 'C:\\Users\\Rivith Ranjuna\\OneDrive\\Desktop\\movie-trailer-analyzer-frontend\\backend\\venv\\lib\\nltk_data'
    - 'C:\\Users\\Rivith Ranjuna\\AppData\\Roaming\\nltk_data'
    - 'C:\\nltk_data'
    - 'D:\\nltk_data'
    - 'E:\\nltk_data'
**********************************************************************

2026-05-10 09:34:04,649 - services.sentiment_service - ERROR - Error analyzing comment: 
**********************************************************************
  Resource 'punkt_tab' not found.
  Please use the NLTK Downloader to obtain the resource:

  >>> import nltk
  >>> nltk.download('punkt_tab')

  For more information see: https://www.nltk.org/data.html

  Attempted to load 'tokenizers/punkt_tab/english/'

  Searched in:
    - 'C:\\Users\\Rivith Ranjuna/nltk_data'
    - 'C:\\Users\\Rivith Ranjuna\\OneDrive\\Desktop\\movie-trailer-analyzer-frontend\\backend\\venv\\nltk_data'
    - 'C:\\Users\\Rivith Ranjuna\\OneDrive\\Desktop\\movie-trailer-analyzer-frontend\\backend\\venv\\share\\nltk_data'
    - 'C:\\Users\\Rivith Ranjuna\\OneDrive\\Desktop\\movie-trailer-analyzer-frontend\\backend\\venv\\lib\\nltk_data'
    - 'C:\\Users\\Rivith Ranjuna\\AppData\\Roaming\\nltk_data'
    - 'C:\\nltk_data'
    - 'D:\\nltk_data'
    - 'E:\\nltk_data'
**********************************************************************

2026-05-10 09:34:04,651 - services.sentiment_service - ERROR - Error analyzing comment: 
**********************************************************************
  Resource 'punkt_tab' not found.
  Please use the NLTK Downloader to obtain the resource:

  >>> import nltk
  >>> nltk.download('punkt_tab')

  For more information see: https://www.nltk.org/data.html

  Attempted to load 'tokenizers/punkt_tab/english/'

  Searched in:
    - 'C:\\Users\\Rivith Ranjuna/nltk_data'
    - 'C:\\Users\\Rivith Ranjuna\\OneDrive\\Desktop\\movie-trailer-analyzer-frontend\\backend\\venv\\nltk_data'
    - 'C:\\Users\\Rivith Ranjuna\\OneDrive\\Desktop\\movie-trailer-analyzer-frontend\\backend\\venv\\share\\nltk_data'
    - 'C:\\Users\\Rivith Ranjuna\\OneDrive\\Desktop\\movie-trailer-analyzer-frontend\\backend\\venv\\lib\\nltk_data'
    - 'C:\\Users\\Rivith Ranjuna\\AppData\\Roaming\\nltk_data'
    - 'C:\\nltk_data'
    - 'D:\\nltk_data'
    - 'E:\\nltk_data'
**********************************************************************

2026-05-10 09:34:04,651 - services.sentiment_service - ERROR - Error analyzing comment: 
**********************************************************************
  Resource 'punkt_tab' not found.
  Please use the NLTK Downloader to obtain the resource:

  >>> import nltk
  >>> nltk.download('punkt_tab')

  For more information see: https://www.nltk.org/data.html

  Attempted to load 'tokenizers/punkt_tab/english/'

  Searched in:
    - 'C:\\Users\\Rivith Ranjuna/nltk_data'
    - 'C:\\Users\\Rivith Ranjuna\\OneDrive\\Desktop\\movie-trailer-analyzer-frontend\\backend\\venv\\nltk_data'
    - 'C:\\Users\\Rivith Ranjuna\\OneDrive\\Desktop\\movie-trailer-analyzer-frontend\\backend\\venv\\share\\nltk_data'
    - 'C:\\Users\\Rivith Ranjuna\\OneDrive\\Desktop\\movie-trailer-analyzer-frontend\\backend\\venv\\lib\\nltk_data'
    - 'C:\\Users\\Rivith Ranjuna\\AppData\\Roaming\\nltk_data'
    - 'C:\\nltk_data'
    - 'D:\\nltk_data'
    - 'E:\\nltk_data'
**********************************************************************

2026-05-10 09:34:04,655 - services.sentiment_service - ERROR - Error analyzing comment: 
**********************************************************************
  Resource 'punkt_tab' not found.
  Please use the NLTK Downloader to obtain the resource:

  >>> import nltk
  >>> nltk.download('punkt_tab')

  For more information see: https://www.nltk.org/data.html

  Attempted to load 'tokenizers/punkt_tab/english/'

  Searched in:
    - 'C:\\Users\\Rivith Ranjuna/nltk_data'
    - 'C:\\Users\\Rivith Ranjuna\\OneDrive\\Desktop\\movie-trailer-analyzer-frontend\\backend\\venv\\nltk_data'
    - 'C:\\Users\\Rivith Ranjuna\\OneDrive\\Desktop\\movie-trailer-analyzer-frontend\\backend\\venv\\share\\nltk_data'
    - 'C:\\Users\\Rivith Ranjuna\\OneDrive\\Desktop\\movie-trailer-analyzer-frontend\\backend\\venv\\lib\\nltk_data'
    - 'C:\\Users\\Rivith Ranjuna\\AppData\\Roaming\\nltk_data'
    - 'C:\\nltk_data'
    - 'D:\\nltk_data'
    - 'E:\\nltk_data'
**********************************************************************

2026-05-10 09:34:04,655 - services.sentiment_service - ERROR - Error analyzing comment: 
**********************************************************************
  Resource 'punkt_tab' not found.
  Please use the NLTK Downloader to obtain the resource:

  >>> import nltk
  >>> nltk.download('punkt_tab')

  For more information see: https://www.nltk.org/data.html

  Attempted to load 'tokenizers/punkt_tab/english/'

  Searched in:
    - 'C:\\Users\\Rivith Ranjuna/nltk_data'
    - 'C:\\Users\\Rivith Ranjuna\\OneDrive\\Desktop\\movie-trailer-analyzer-frontend\\backend\\venv\\nltk_data'
    - 'C:\\Users\\Rivith Ranjuna\\OneDrive\\Desktop\\movie-trailer-analyzer-frontend\\backend\\venv\\share\\nltk_data'
    - 'C:\\Users\\Rivith Ranjuna\\OneDrive\\Desktop\\movie-trailer-analyzer-frontend\\backend\\venv\\lib\\nltk_data'
    - 'C:\\Users\\Rivith Ranjuna\\AppData\\Roaming\\nltk_data'
    - 'C:\\nltk_data'
    - 'D:\\nltk_data'
    - 'E:\\nltk_data'
**********************************************************************

2026-05-10 09:34:04,657 - services.sentiment_service - ERROR - Error analyzing comment: 
**********************************************************************
  Resource 'punkt_tab' not found.
  Please use the NLTK Downloader to obtain the resource:

  >>> import nltk
  >>> nltk.download('punkt_tab')

  For more information see: https://www.nltk.org/data.html

  Attempted to load 'tokenizers/punkt_tab/english/'

  Searched in:
    - 'C:\\Users\\Rivith Ranjuna/nltk_data'
    - 'C:\\Users\\Rivith Ranjuna\\OneDrive\\Desktop\\movie-trailer-analyzer-frontend\\backend\\venv\\nltk_data'
    - 'C:\\Users\\Rivith Ranjuna\\OneDrive\\Desktop\\movie-trailer-analyzer-frontend\\backend\\venv\\share\\nltk_data'
    - 'C:\\Users\\Rivith Ranjuna\\OneDrive\\Desktop\\movie-trailer-analyzer-frontend\\backend\\venv\\lib\\nltk_data'
    - 'C:\\Users\\Rivith Ranjuna\\AppData\\Roaming\\nltk_data'
    - 'C:\\nltk_data'
    - 'D:\\nltk_data'
    - 'E:\\nltk_data'
**********************************************************************

2026-05-10 09:34:04,657 - services.sentiment_service - ERROR - Error analyzing comment: 
**********************************************************************
  Resource 'punkt_tab' not found.
  Please use the NLTK Downloader to obtain the resource:

  >>> import nltk
  >>> nltk.download('punkt_tab')

  For more information see: https://www.nltk.org/data.html

  Attempted to load 'tokenizers/punkt_tab/english/'

  Searched in:
    - 'C:\\Users\\Rivith Ranjuna/nltk_data'
    - 'C:\\Users\\Rivith Ranjuna\\OneDrive\\Desktop\\movie-trailer-analyzer-frontend\\backend\\venv\\nltk_data'
    - 'C:\\Users\\Rivith Ranjuna\\OneDrive\\Desktop\\movie-trailer-analyzer-frontend\\backend\\venv\\share\\nltk_data'
    - 'C:\\Users\\Rivith Ranjuna\\OneDrive\\Desktop\\movie-trailer-analyzer-frontend\\backend\\venv\\lib\\nltk_data'
    - 'C:\\Users\\Rivith Ranjuna\\AppData\\Roaming\\nltk_data'
    - 'C:\\nltk_data'
    - 'D:\\nltk_data'
    - 'E:\\nltk_data'
**********************************************************************

2026-05-10 09:34:04,660 - services.sentiment_service - ERROR - Error analyzing comment: 
**********************************************************************
  Resource 'punkt_tab' not found.
  Please use the NLTK Downloader to obtain the resource:

  >>> import nltk
  >>> nltk.download('punkt_tab')

  For more information see: https://www.nltk.org/data.html

  Attempted to load 'tokenizers/punkt_tab/english/'

  Searched in:
    - 'C:\\Users\\Rivith Ranjuna/nltk_data'
    - 'C:\\Users\\Rivith Ranjuna\\OneDrive\\Desktop\\movie-trailer-analyzer-frontend\\backend\\venv\\nltk_data'
    - 'C:\\Users\\Rivith Ranjuna\\OneDrive\\Desktop\\movie-trailer-analyzer-frontend\\backend\\venv\\share\\nltk_data'
    - 'C:\\Users\\Rivith Ranjuna\\OneDrive\\Desktop\\movie-trailer-analyzer-frontend\\backend\\venv\\lib\\nltk_data'
    - 'C:\\Users\\Rivith Ranjuna\\AppData\\Roaming\\nltk_data'
    - 'C:\\nltk_data'
    - 'D:\\nltk_data'
    - 'E:\\nltk_data'
**********************************************************************

2026-05-10 09:34:04,660 - services.sentiment_service - ERROR - Error analyzing comment: 
**********************************************************************
  Resource 'punkt_tab' not found.
  Please use the NLTK Downloader to obtain the resource:

  >>> import nltk
  >>> nltk.download('punkt_tab')

  For more information see: https://www.nltk.org/data.html

  Attempted to load 'tokenizers/punkt_tab/english/'

  Searched in:
    - 'C:\\Users\\Rivith Ranjuna/nltk_data'
    - 'C:\\Users\\Rivith Ranjuna\\OneDrive\\Desktop\\movie-trailer-analyzer-frontend\\backend\\venv\\nltk_data'
    - 'C:\\Users\\Rivith Ranjuna\\OneDrive\\Desktop\\movie-trailer-analyzer-frontend\\backend\\venv\\share\\nltk_data'
    - 'C:\\Users\\Rivith Ranjuna\\OneDrive\\Desktop\\movie-trailer-analyzer-frontend\\backend\\venv\\lib\\nltk_data'
    - 'C:\\Users\\Rivith Ranjuna\\AppData\\Roaming\\nltk_data'
    - 'C:\\nltk_data'
    - 'D:\\nltk_data'
    - 'E:\\nltk_data'
**********************************************************************

2026-05-10 09:34:04,665 - services.sentiment_service - ERROR - Error analyzing comment: 
**********************************************************************
  Resource 'punkt_tab' not found.
  Please use the NLTK Downloader to obtain the resource:

  >>> import nltk
  >>> nltk.download('punkt_tab')

  For more information see: https://www.nltk.org/data.html

  Attempted to load 'tokenizers/punkt_tab/english/'

  Searched in:
    - 'C:\\Users\\Rivith Ranjuna/nltk_data'
    - 'C:\\Users\\Rivith Ranjuna\\OneDrive\\Desktop\\movie-trailer-analyzer-frontend\\backend\\venv\\nltk_data'
    - 'C:\\Users\\Rivith Ranjuna\\OneDrive\\Desktop\\movie-trailer-analyzer-frontend\\backend\\venv\\share\\nltk_data'
    - 'C:\\Users\\Rivith Ranjuna\\OneDrive\\Desktop\\movie-trailer-analyzer-frontend\\backend\\venv\\lib\\nltk_data'
    - 'C:\\Users\\Rivith Ranjuna\\AppData\\Roaming\\nltk_data'
    - 'C:\\nltk_data'
    - 'D:\\nltk_data'
    - 'E:\\nltk_data'
**********************************************************************

2026-05-10 09:34:04,665 - services.sentiment_service - ERROR - Error analyzing comment: 
**********************************************************************
  Resource 'punkt_tab' not found.
  Please use the NLTK Downloader to obtain the resource:

  >>> import nltk
  >>> nltk.download('punkt_tab')

  For more information see: https://www.nltk.org/data.html

  Attempted to load 'tokenizers/punkt_tab/english/'

  Searched in:
    - 'C:\\Users\\Rivith Ranjuna/nltk_data'
    - 'C:\\Users\\Rivith Ranjuna\\OneDrive\\Desktop\\movie-trailer-analyzer-frontend\\backend\\venv\\nltk_data'
    - 'C:\\Users\\Rivith Ranjuna\\OneDrive\\Desktop\\movie-trailer-analyzer-frontend\\backend\\venv\\share\\nltk_data'
    - 'C:\\Users\\Rivith Ranjuna\\OneDrive\\Desktop\\movie-trailer-analyzer-frontend\\backend\\venv\\lib\\nltk_data'
    - 'C:\\Users\\Rivith Ranjuna\\AppData\\Roaming\\nltk_data'
    - 'C:\\nltk_data'
    - 'D:\\nltk_data'
    - 'E:\\nltk_data'
**********************************************************************

2026-05-10 09:34:04,669 - services.sentiment_service - ERROR - Error analyzing comment: 
**********************************************************************
  Resource 'punkt_tab' not found.
  Please use the NLTK Downloader to obtain the resource:

  >>> import nltk
  >>> nltk.download('punkt_tab')

  For more information see: https://www.nltk.org/data.html

  Attempted to load 'tokenizers/punkt_tab/english/'

  Searched in:
    - 'C:\\Users\\Rivith Ranjuna/nltk_data'
    - 'C:\\Users\\Rivith Ranjuna\\OneDrive\\Desktop\\movie-trailer-analyzer-frontend\\backend\\venv\\nltk_data'
    - 'C:\\Users\\Rivith Ranjuna\\OneDrive\\Desktop\\movie-trailer-analyzer-frontend\\backend\\venv\\share\\nltk_data'
    - 'C:\\Users\\Rivith Ranjuna\\OneDrive\\Desktop\\movie-trailer-analyzer-frontend\\backend\\venv\\lib\\nltk_data'
    - 'C:\\Users\\Rivith Ranjuna\\AppData\\Roaming\\nltk_data'
    - 'C:\\nltk_data'
    - 'D:\\nltk_data'
    - 'E:\\nltk_data'
**********************************************************************

2026-05-10 09:34:04,669 - services.sentiment_service - ERROR - Error analyzing comment: 
**********************************************************************
  Resource 'punkt_tab' not found.
  Please use the NLTK Downloader to obtain the resource:

  >>> import nltk
  >>> nltk.download('punkt_tab')

  For more information see: https://www.nltk.org/data.html

  Attempted to load 'tokenizers/punkt_tab/english/'

  Searched in:
    - 'C:\\Users\\Rivith Ranjuna/nltk_data'
    - 'C:\\Users\\Rivith Ranjuna\\OneDrive\\Desktop\\movie-trailer-analyzer-frontend\\backend\\venv\\nltk_data'
    - 'C:\\Users\\Rivith Ranjuna\\OneDrive\\Desktop\\movie-trailer-analyzer-frontend\\backend\\venv\\share\\nltk_data'
    - 'C:\\Users\\Rivith Ranjuna\\OneDrive\\Desktop\\movie-trailer-analyzer-frontend\\backend\\venv\\lib\\nltk_data'
    - 'C:\\Users\\Rivith Ranjuna\\AppData\\Roaming\\nltk_data'
    - 'C:\\nltk_data'
    - 'D:\\nltk_data'
    - 'E:\\nltk_data'
**********************************************************************

2026-05-10 09:34:04,672 - services.sentiment_service - ERROR - Error analyzing comment: 
**********************************************************************
  Resource 'punkt_tab' not found.
  Please use the NLTK Downloader to obtain the resource:

  >>> import nltk
  >>> nltk.download('punkt_tab')

  For more information see: https://www.nltk.org/data.html

  Attempted to load 'tokenizers/punkt_tab/english/'

  Searched in:
    - 'C:\\Users\\Rivith Ranjuna/nltk_data'
    - 'C:\\Users\\Rivith Ranjuna\\OneDrive\\Desktop\\movie-trailer-analyzer-frontend\\backend\\venv\\nltk_data'
    - 'C:\\Users\\Rivith Ranjuna\\OneDrive\\Desktop\\movie-trailer-analyzer-frontend\\backend\\venv\\share\\nltk_data'
    - 'C:\\Users\\Rivith Ranjuna\\OneDrive\\Desktop\\movie-trailer-analyzer-frontend\\backend\\venv\\lib\\nltk_data'
    - 'C:\\Users\\Rivith Ranjuna\\AppData\\Roaming\\nltk_data'
    - 'C:\\nltk_data'
    - 'D:\\nltk_data'
    - 'E:\\nltk_data'
**********************************************************************

2026-05-10 09:34:04,672 - services.sentiment_service - ERROR - Error analyzing comment: 
**********************************************************************
  Resource 'punkt_tab' not found.
  Please use the NLTK Downloader to obtain the resource:

  >>> import nltk
  >>> nltk.download('punkt_tab')

  For more information see: https://www.nltk.org/data.html

  Attempted to load 'tokenizers/punkt_tab/english/'

  Searched in:
    - 'C:\\Users\\Rivith Ranjuna/nltk_data'
    - 'C:\\Users\\Rivith Ranjuna\\OneDrive\\Desktop\\movie-trailer-analyzer-frontend\\backend\\venv\\nltk_data'
    - 'C:\\Users\\Rivith Ranjuna\\OneDrive\\Desktop\\movie-trailer-analyzer-frontend\\backend\\venv\\share\\nltk_data'
    - 'C:\\Users\\Rivith Ranjuna\\OneDrive\\Desktop\\movie-trailer-analyzer-frontend\\backend\\venv\\lib\\nltk_data'
    - 'C:\\Users\\Rivith Ranjuna\\AppData\\Roaming\\nltk_data'
    - 'C:\\nltk_data'
    - 'D:\\nltk_data'
    - 'E:\\nltk_data'
**********************************************************************

2026-05-10 09:34:04,676 - services.sentiment_service - ERROR - Error analyzing comment: 
**********************************************************************
  Resource 'punkt_tab' not found.
  Please use the NLTK Downloader to obtain the resource:

  >>> import nltk
  >>> nltk.download('punkt_tab')

  For more information see: https://www.nltk.org/data.html

  Attempted to load 'tokenizers/punkt_tab/english/'

  Searched in:
    - 'C:\\Users\\Rivith Ranjuna/nltk_data'
    - 'C:\\Users\\Rivith Ranjuna\\OneDrive\\Desktop\\movie-trailer-analyzer-frontend\\backend\\venv\\nltk_data'
    - 'C:\\Users\\Rivith Ranjuna\\OneDrive\\Desktop\\movie-trailer-analyzer-frontend\\backend\\venv\\share\\nltk_data'
    - 'C:\\Users\\Rivith Ranjuna\\OneDrive\\Desktop\\movie-trailer-analyzer-frontend\\backend\\venv\\lib\\nltk_data'
    - 'C:\\Users\\Rivith Ranjuna\\AppData\\Roaming\\nltk_data'
    - 'C:\\nltk_data'
    - 'D:\\nltk_data'
    - 'E:\\nltk_data'
**********************************************************************

2026-05-10 09:34:04,676 - services.sentiment_service - ERROR - Error analyzing comment: 
**********************************************************************
  Resource 'punkt_tab' not found.
  Please use the NLTK Downloader to obtain the resource:

  >>> import nltk
  >>> nltk.download('punkt_tab')

  For more information see: https://www.nltk.org/data.html

  Attempted to load 'tokenizers/punkt_tab/english/'

  Searched in:
    - 'C:\\Users\\Rivith Ranjuna/nltk_data'
    - 'C:\\Users\\Rivith Ranjuna\\OneDrive\\Desktop\\movie-trailer-analyzer-frontend\\backend\\venv\\nltk_data'
    - 'C:\\Users\\Rivith Ranjuna\\OneDrive\\Desktop\\movie-trailer-analyzer-frontend\\backend\\venv\\share\\nltk_data'
    - 'C:\\Users\\Rivith Ranjuna\\OneDrive\\Desktop\\movie-trailer-analyzer-frontend\\backend\\venv\\lib\\nltk_data'
    - 'C:\\Users\\Rivith Ranjuna\\AppData\\Roaming\\nltk_data'
    - 'C:\\nltk_data'
    - 'D:\\nltk_data'
    - 'E:\\nltk_data'
**********************************************************************

2026-05-10 09:34:04,680 - services.sentiment_service - ERROR - Error analyzing comment: 
**********************************************************************
  Resource 'punkt_tab' not found.
  Please use the NLTK Downloader to obtain the resource:

  >>> import nltk
  >>> nltk.download('punkt_tab')

  For more information see: https://www.nltk.org/data.html

  Attempted to load 'tokenizers/punkt_tab/english/'

  Searched in:
    - 'C:\\Users\\Rivith Ranjuna/nltk_data'
    - 'C:\\Users\\Rivith Ranjuna\\OneDrive\\Desktop\\movie-trailer-analyzer-frontend\\backend\\venv\\nltk_data'
    - 'C:\\Users\\Rivith Ranjuna\\OneDrive\\Desktop\\movie-trailer-analyzer-frontend\\backend\\venv\\share\\nltk_data'
    - 'C:\\Users\\Rivith Ranjuna\\OneDrive\\Desktop\\movie-trailer-analyzer-frontend\\backend\\venv\\lib\\nltk_data'
    - 'C:\\Users\\Rivith Ranjuna\\AppData\\Roaming\\nltk_data'
    - 'C:\\nltk_data'
    - 'D:\\nltk_data'
    - 'E:\\nltk_data'
**********************************************************************

2026-05-10 09:34:04,680 - services.sentiment_service - ERROR - Error analyzing comment: 
**********************************************************************
  Resource 'punkt_tab' not found.
  Please use the NLTK Downloader to obtain the resource:

  >>> import nltk
  >>> nltk.download('punkt_tab')

  For more information see: https://www.nltk.org/data.html

  Attempted to load 'tokenizers/punkt_tab/english/'

  Searched in:
    - 'C:\\Users\\Rivith Ranjuna/nltk_data'
    - 'C:\\Users\\Rivith Ranjuna\\OneDrive\\Desktop\\movie-trailer-analyzer-frontend\\backend\\venv\\nltk_data'
    - 'C:\\Users\\Rivith Ranjuna\\OneDrive\\Desktop\\movie-trailer-analyzer-frontend\\backend\\venv\\share\\nltk_data'
    - 'C:\\Users\\Rivith Ranjuna\\OneDrive\\Desktop\\movie-trailer-analyzer-frontend\\backend\\venv\\lib\\nltk_data'
    - 'C:\\Users\\Rivith Ranjuna\\AppData\\Roaming\\nltk_data'
    - 'C:\\nltk_data'
    - 'D:\\nltk_data'
    - 'E:\\nltk_data'
**********************************************************************

2026-05-10 09:34:04,681 - services.firebase_service - WARNING - Firebase not configured, skipping save
2026-05-10 09:34:04,681 - services.firebase_service - WARNING - Firebase not configured, skipping save
2026-05-10 09:34:04,682 - root - INFO - Response: 200
2026-05-10 09:34:04,682 - root - INFO - Response: 200
2026-05-10 09:34:04,683 - werkzeug - INFO - 127.0.0.1 - - [10/May/2026 09:34:04] "POST /api/sentiment/analyze HTTP/1.1" 200 -
2026-05-10 09:34:04,683 - werkzeug - INFO - 127.0.0.1 - - [10/May/2026 09:34:04] "POST /api/sentiment/analyze HTTP/1.1" 200 -
2026-05-10 09:37:33,691 - root - INFO - Request: GET /api/sentiment/status
2026-05-10 09:37:33,691 - root - INFO - Request: GET /api/sentiment/status
2026-05-10 09:37:33,692 - root - INFO - Response: 200
2026-05-10 09:37:33,692 - root - INFO - Response: 200
2026-05-10 09:37:33,693 - werkzeug - INFO - 127.0.0.1 - - [10/May/2026 09:37:33] "GET /api/sentiment/status HTTP/1.1" 200 -
2026-05-10 09:37:33,693 - werkzeug - INFO - 127.0.0.1 - - [10/May/2026 09:37:33] "GET /api/sentiment/status HTTP/1.1" 200 -
2026-05-10 09:40:58,193 - root - INFO - Request: OPTIONS /api/sentiment/analyze
2026-05-10 09:40:58,193 - root - INFO - Request: OPTIONS /api/sentiment/analyze
2026-05-10 09:40:58,194 - root - INFO - Response: 200
2026-05-10 09:40:58,194 - root - INFO - Response: 200
2026-05-10 09:40:58,195 - werkzeug - INFO - 127.0.0.1 - - [10/May/2026 09:40:58] "OPTIONS /api/sentiment/analyze HTTP/1.1" 200 -
2026-05-10 09:40:58,195 - werkzeug - INFO - 127.0.0.1 - - [10/May/2026 09:40:58] "OPTIONS /api/sentiment/analyze HTTP/1.1" 200 -
2026-05-10 09:40:58,451 - root - INFO - Request: POST /api/sentiment/analyze
2026-05-10 09:40:58,451 - root - INFO - Request: POST /api/sentiment/analyze
2026-05-10 09:40:58,453 - services.sentiment_service - ERROR - Error analyzing comment: 
**********************************************************************
  Resource 'punkt_tab' not found.
  Please use the NLTK Downloader to obtain the resource:

  >>> import nltk
  >>> nltk.download('punkt_tab')

  For more information see: https://www.nltk.org/data.html

  Attempted to load 'tokenizers/punkt_tab/english/'

  Searched in:
    - 'C:\\Users\\Rivith Ranjuna/nltk_data'
    - 'C:\\Users\\Rivith Ranjuna\\OneDrive\\Desktop\\movie-trailer-analyzer-frontend\\backend\\venv\\nltk_data'
    - 'C:\\Users\\Rivith Ranjuna\\OneDrive\\Desktop\\movie-trailer-analyzer-frontend\\backend\\venv\\share\\nltk_data'
    - 'C:\\Users\\Rivith Ranjuna\\OneDrive\\Desktop\\movie-trailer-analyzer-frontend\\backend\\venv\\lib\\nltk_data'
    - 'C:\\Users\\Rivith Ranjuna\\AppData\\Roaming\\nltk_data'
    - 'C:\\nltk_data'
    - 'D:\\nltk_data'
    - 'E:\\nltk_data'
**********************************************************************

2026-05-10 09:40:58,453 - services.sentiment_service - ERROR - Error analyzing comment: 
**********************************************************************
  Resource 'punkt_tab' not found.
  Please use the NLTK Downloader to obtain the resource:

  >>> import nltk
  >>> nltk.download('punkt_tab')

  For more information see: https://www.nltk.org/data.html

  Attempted to load 'tokenizers/punkt_tab/english/'

  Searched in:
    - 'C:\\Users\\Rivith Ranjuna/nltk_data'
    - 'C:\\Users\\Rivith Ranjuna\\OneDrive\\Desktop\\movie-trailer-analyzer-frontend\\backend\\venv\\nltk_data'
    - 'C:\\Users\\Rivith Ranjuna\\OneDrive\\Desktop\\movie-trailer-analyzer-frontend\\backend\\venv\\share\\nltk_data'
    - 'C:\\Users\\Rivith Ranjuna\\OneDrive\\Desktop\\movie-trailer-analyzer-frontend\\backend\\venv\\lib\\nltk_data'
    - 'C:\\Users\\Rivith Ranjuna\\AppData\\Roaming\\nltk_data'
    - 'C:\\nltk_data'
    - 'D:\\nltk_data'
    - 'E:\\nltk_data'
**********************************************************************

2026-05-10 09:40:58,456 - services.sentiment_service - ERROR - Error analyzing comment: 
**********************************************************************
  Resource 'punkt_tab' not found.
  Please use the NLTK Downloader to obtain the resource:

  >>> import nltk
  >>> nltk.download('punkt_tab')

  For more information see: https://www.nltk.org/data.html

  Attempted to load 'tokenizers/punkt_tab/english/'

  Searched in:
    - 'C:\\Users\\Rivith Ranjuna/nltk_data'
    - 'C:\\Users\\Rivith Ranjuna\\OneDrive\\Desktop\\movie-trailer-analyzer-frontend\\backend\\venv\\nltk_data'
    - 'C:\\Users\\Rivith Ranjuna\\OneDrive\\Desktop\\movie-trailer-analyzer-frontend\\backend\\venv\\share\\nltk_data'
    - 'C:\\Users\\Rivith Ranjuna\\OneDrive\\Desktop\\movie-trailer-analyzer-frontend\\backend\\venv\\lib\\nltk_data'
    - 'C:\\Users\\Rivith Ranjuna\\AppData\\Roaming\\nltk_data'
    - 'C:\\nltk_data'
    - 'D:\\nltk_data'
    - 'E:\\nltk_data'
**********************************************************************

2026-05-10 09:40:58,456 - services.sentiment_service - ERROR - Error analyzing comment: 
**********************************************************************
  Resource 'punkt_tab' not found.
  Please use the NLTK Downloader to obtain the resource:

  >>> import nltk
  >>> nltk.download('punkt_tab')

  For more information see: https://www.nltk.org/data.html

  Attempted to load 'tokenizers/punkt_tab/english/'

  Searched in:
    - 'C:\\Users\\Rivith Ranjuna/nltk_data'
    - 'C:\\Users\\Rivith Ranjuna\\OneDrive\\Desktop\\movie-trailer-analyzer-frontend\\backend\\venv\\nltk_data'
    - 'C:\\Users\\Rivith Ranjuna\\OneDrive\\Desktop\\movie-trailer-analyzer-frontend\\backend\\venv\\share\\nltk_data'
    - 'C:\\Users\\Rivith Ranjuna\\OneDrive\\Desktop\\movie-trailer-analyzer-frontend\\backend\\venv\\lib\\nltk_data'
    - 'C:\\Users\\Rivith Ranjuna\\AppData\\Roaming\\nltk_data'
    - 'C:\\nltk_data'
    - 'D:\\nltk_data'
    - 'E:\\nltk_data'
**********************************************************************

2026-05-10 09:40:58,458 - services.sentiment_service - ERROR - Error analyzing comment: 
**********************************************************************
  Resource 'punkt_tab' not found.
  Please use the NLTK Downloader to obtain the resource:

  >>> import nltk
  >>> nltk.download('punkt_tab')

  For more information see: https://www.nltk.org/data.html

  Attempted to load 'tokenizers/punkt_tab/english/'

  Searched in:
    - 'C:\\Users\\Rivith Ranjuna/nltk_data'
    - 'C:\\Users\\Rivith Ranjuna\\OneDrive\\Desktop\\movie-trailer-analyzer-frontend\\backend\\venv\\nltk_data'
    - 'C:\\Users\\Rivith Ranjuna\\OneDrive\\Desktop\\movie-trailer-analyzer-frontend\\backend\\venv\\share\\nltk_data'
    - 'C:\\Users\\Rivith Ranjuna\\OneDrive\\Desktop\\movie-trailer-analyzer-frontend\\backend\\venv\\lib\\nltk_data'
    - 'C:\\Users\\Rivith Ranjuna\\AppData\\Roaming\\nltk_data'
    - 'C:\\nltk_data'
    - 'D:\\nltk_data'
    - 'E:\\nltk_data'
**********************************************************************

2026-05-10 09:40:58,458 - services.sentiment_service - ERROR - Error analyzing comment: 
**********************************************************************
  Resource 'punkt_tab' not found.
  Please use the NLTK Downloader to obtain the resource:

  >>> import nltk
  >>> nltk.download('punkt_tab')

  For more information see: https://www.nltk.org/data.html

  Attempted to load 'tokenizers/punkt_tab/english/'

  Searched in:
    - 'C:\\Users\\Rivith Ranjuna/nltk_data'
    - 'C:\\Users\\Rivith Ranjuna\\OneDrive\\Desktop\\movie-trailer-analyzer-frontend\\backend\\venv\\nltk_data'
    - 'C:\\Users\\Rivith Ranjuna\\OneDrive\\Desktop\\movie-trailer-analyzer-frontend\\backend\\venv\\share\\nltk_data'
    - 'C:\\Users\\Rivith Ranjuna\\OneDrive\\Desktop\\movie-trailer-analyzer-frontend\\backend\\venv\\lib\\nltk_data'
    - 'C:\\Users\\Rivith Ranjuna\\AppData\\Roaming\\nltk_data'
    - 'C:\\nltk_data'
    - 'D:\\nltk_data'
    - 'E:\\nltk_data'
**********************************************************************

2026-05-10 09:40:58,461 - services.sentiment_service - ERROR - Error analyzing comment: 
**********************************************************************
  Resource 'punkt_tab' not found.
  Please use the NLTK Downloader to obtain the resource:

  >>> import nltk
  >>> nltk.download('punkt_tab')

  For more information see: https://www.nltk.org/data.html

  Attempted to load 'tokenizers/punkt_tab/english/'

  Searched in:
    - 'C:\\Users\\Rivith Ranjuna/nltk_data'
    - 'C:\\Users\\Rivith Ranjuna\\OneDrive\\Desktop\\movie-trailer-analyzer-frontend\\backend\\venv\\nltk_data'
    - 'C:\\Users\\Rivith Ranjuna\\OneDrive\\Desktop\\movie-trailer-analyzer-frontend\\backend\\venv\\share\\nltk_data'
    - 'C:\\Users\\Rivith Ranjuna\\OneDrive\\Desktop\\movie-trailer-analyzer-frontend\\backend\\venv\\lib\\nltk_data'
    - 'C:\\Users\\Rivith Ranjuna\\AppData\\Roaming\\nltk_data'
    - 'C:\\nltk_data'
    - 'D:\\nltk_data'
    - 'E:\\nltk_data'
**********************************************************************

2026-05-10 09:40:58,461 - services.sentiment_service - ERROR - Error analyzing comment: 
**********************************************************************
  Resource 'punkt_tab' not found.
  Please use the NLTK Downloader to obtain the resource:

  >>> import nltk
  >>> nltk.download('punkt_tab')

  For more information see: https://www.nltk.org/data.html

  Attempted to load 'tokenizers/punkt_tab/english/'

  Searched in:
    - 'C:\\Users\\Rivith Ranjuna/nltk_data'
    - 'C:\\Users\\Rivith Ranjuna\\OneDrive\\Desktop\\movie-trailer-analyzer-frontend\\backend\\venv\\nltk_data'
    - 'C:\\Users\\Rivith Ranjuna\\OneDrive\\Desktop\\movie-trailer-analyzer-frontend\\backend\\venv\\share\\nltk_data'
    - 'C:\\Users\\Rivith Ranjuna\\OneDrive\\Desktop\\movie-trailer-analyzer-frontend\\backend\\venv\\lib\\nltk_data'
    - 'C:\\Users\\Rivith Ranjuna\\AppData\\Roaming\\nltk_data'
    - 'C:\\nltk_data'
    - 'D:\\nltk_data'
    - 'E:\\nltk_data'
**********************************************************************

2026-05-10 09:40:58,467 - services.sentiment_service - ERROR - Error analyzing comment: 
**********************************************************************
  Resource 'punkt_tab' not found.
  Please use the NLTK Downloader to obtain the resource:

  >>> import nltk
  >>> nltk.download('punkt_tab')

  For more information see: https://www.nltk.org/data.html

  Attempted to load 'tokenizers/punkt_tab/english/'

  Searched in:
    - 'C:\\Users\\Rivith Ranjuna/nltk_data'
    - 'C:\\Users\\Rivith Ranjuna\\OneDrive\\Desktop\\movie-trailer-analyzer-frontend\\backend\\venv\\nltk_data'
    - 'C:\\Users\\Rivith Ranjuna\\OneDrive\\Desktop\\movie-trailer-analyzer-frontend\\backend\\venv\\share\\nltk_data'
    - 'C:\\Users\\Rivith Ranjuna\\OneDrive\\Desktop\\movie-trailer-analyzer-frontend\\backend\\venv\\lib\\nltk_data'
    - 'C:\\Users\\Rivith Ranjuna\\AppData\\Roaming\\nltk_data'
    - 'C:\\nltk_data'
    - 'D:\\nltk_data'
    - 'E:\\nltk_data'
**********************************************************************

2026-05-10 09:40:58,467 - services.sentiment_service - ERROR - Error analyzing comment: 
**********************************************************************
  Resource 'punkt_tab' not found.
  Please use the NLTK Downloader to obtain the resource:

  >>> import nltk
  >>> nltk.download('punkt_tab')

  For more information see: https://www.nltk.org/data.html

  Attempted to load 'tokenizers/punkt_tab/english/'

  Searched in:
    - 'C:\\Users\\Rivith Ranjuna/nltk_data'
    - 'C:\\Users\\Rivith Ranjuna\\OneDrive\\Desktop\\movie-trailer-analyzer-frontend\\backend\\venv\\nltk_data'
    - 'C:\\Users\\Rivith Ranjuna\\OneDrive\\Desktop\\movie-trailer-analyzer-frontend\\backend\\venv\\share\\nltk_data'
    - 'C:\\Users\\Rivith Ranjuna\\OneDrive\\Desktop\\movie-trailer-analyzer-frontend\\backend\\venv\\lib\\nltk_data'
    - 'C:\\Users\\Rivith Ranjuna\\AppData\\Roaming\\nltk_data'
    - 'C:\\nltk_data'
    - 'D:\\nltk_data'
    - 'E:\\nltk_data'
**********************************************************************

2026-05-10 09:40:58,470 - services.sentiment_service - ERROR - Error analyzing comment: 
**********************************************************************
  Resource 'punkt_tab' not found.
  Please use the NLTK Downloader to obtain the resource:

  >>> import nltk
  >>> nltk.download('punkt_tab')

  For more information see: https://www.nltk.org/data.html

  Attempted to load 'tokenizers/punkt_tab/english/'

  Searched in:
    - 'C:\\Users\\Rivith Ranjuna/nltk_data'
    - 'C:\\Users\\Rivith Ranjuna\\OneDrive\\Desktop\\movie-trailer-analyzer-frontend\\backend\\venv\\nltk_data'
    - 'C:\\Users\\Rivith Ranjuna\\OneDrive\\Desktop\\movie-trailer-analyzer-frontend\\backend\\venv\\share\\nltk_data'
    - 'C:\\Users\\Rivith Ranjuna\\OneDrive\\Desktop\\movie-trailer-analyzer-frontend\\backend\\venv\\lib\\nltk_data'
    - 'C:\\Users\\Rivith Ranjuna\\AppData\\Roaming\\nltk_data'
    - 'C:\\nltk_data'
    - 'D:\\nltk_data'
    - 'E:\\nltk_data'
**********************************************************************

2026-05-10 09:40:58,470 - services.sentiment_service - ERROR - Error analyzing comment: 
**********************************************************************
  Resource 'punkt_tab' not found.
  Please use the NLTK Downloader to obtain the resource:

  >>> import nltk
  >>> nltk.download('punkt_tab')

  For more information see: https://www.nltk.org/data.html

  Attempted to load 'tokenizers/punkt_tab/english/'

  Searched in:
    - 'C:\\Users\\Rivith Ranjuna/nltk_data'
    - 'C:\\Users\\Rivith Ranjuna\\OneDrive\\Desktop\\movie-trailer-analyzer-frontend\\backend\\venv\\nltk_data'
    - 'C:\\Users\\Rivith Ranjuna\\OneDrive\\Desktop\\movie-trailer-analyzer-frontend\\backend\\venv\\share\\nltk_data'
    - 'C:\\Users\\Rivith Ranjuna\\OneDrive\\Desktop\\movie-trailer-analyzer-frontend\\backend\\venv\\lib\\nltk_data'
    - 'C:\\Users\\Rivith Ranjuna\\AppData\\Roaming\\nltk_data'
    - 'C:\\nltk_data'
    - 'D:\\nltk_data'
    - 'E:\\nltk_data'
**********************************************************************

2026-05-10 09:40:58,472 - services.sentiment_service - ERROR - Error analyzing comment: 
**********************************************************************
  Resource 'punkt_tab' not found.
  Please use the NLTK Downloader to obtain the resource:

  >>> import nltk
  >>> nltk.download('punkt_tab')

  For more information see: https://www.nltk.org/data.html

  Attempted to load 'tokenizers/punkt_tab/english/'

  Searched in:
    - 'C:\\Users\\Rivith Ranjuna/nltk_data'
    - 'C:\\Users\\Rivith Ranjuna\\OneDrive\\Desktop\\movie-trailer-analyzer-frontend\\backend\\venv\\nltk_data'
    - 'C:\\Users\\Rivith Ranjuna\\OneDrive\\Desktop\\movie-trailer-analyzer-frontend\\backend\\venv\\share\\nltk_data'
    - 'C:\\Users\\Rivith Ranjuna\\OneDrive\\Desktop\\movie-trailer-analyzer-frontend\\backend\\venv\\lib\\nltk_data'
    - 'C:\\Users\\Rivith Ranjuna\\AppData\\Roaming\\nltk_data'
    - 'C:\\nltk_data'
    - 'D:\\nltk_data'
    - 'E:\\nltk_data'
**********************************************************************

2026-05-10 09:40:58,472 - services.sentiment_service - ERROR - Error analyzing comment: 
**********************************************************************
  Resource 'punkt_tab' not found.
  Please use the NLTK Downloader to obtain the resource:

  >>> import nltk
  >>> nltk.download('punkt_tab')

  For more information see: https://www.nltk.org/data.html

  Attempted to load 'tokenizers/punkt_tab/english/'

  Searched in:
    - 'C:\\Users\\Rivith Ranjuna/nltk_data'
    - 'C:\\Users\\Rivith Ranjuna\\OneDrive\\Desktop\\movie-trailer-analyzer-frontend\\backend\\venv\\nltk_data'
    - 'C:\\Users\\Rivith Ranjuna\\OneDrive\\Desktop\\movie-trailer-analyzer-frontend\\backend\\venv\\share\\nltk_data'
    - 'C:\\Users\\Rivith Ranjuna\\OneDrive\\Desktop\\movie-trailer-analyzer-frontend\\backend\\venv\\lib\\nltk_data'
    - 'C:\\Users\\Rivith Ranjuna\\AppData\\Roaming\\nltk_data'
    - 'C:\\nltk_data'
    - 'D:\\nltk_data'
    - 'E:\\nltk_data'
**********************************************************************

2026-05-10 09:40:58,491 - services.sentiment_service - ERROR - Error analyzing comment: 
**********************************************************************
  Resource 'punkt_tab' not found.
  Please use the NLTK Downloader to obtain the resource:

  >>> import nltk
  >>> nltk.download('punkt_tab')

  For more information see: https://www.nltk.org/data.html

  Attempted to load 'tokenizers/punkt_tab/english/'

  Searched in:
    - 'C:\\Users\\Rivith Ranjuna/nltk_data'
    - 'C:\\Users\\Rivith Ranjuna\\OneDrive\\Desktop\\movie-trailer-analyzer-frontend\\backend\\venv\\nltk_data'
    - 'C:\\Users\\Rivith Ranjuna\\OneDrive\\Desktop\\movie-trailer-analyzer-frontend\\backend\\venv\\share\\nltk_data'
    - 'C:\\Users\\Rivith Ranjuna\\OneDrive\\Desktop\\movie-trailer-analyzer-frontend\\backend\\venv\\lib\\nltk_data'
    - 'C:\\Users\\Rivith Ranjuna\\AppData\\Roaming\\nltk_data'
    - 'C:\\nltk_data'
    - 'D:\\nltk_data'
    - 'E:\\nltk_data'
**********************************************************************

2026-05-10 09:40:58,491 - services.sentiment_service - ERROR - Error analyzing comment: 
**********************************************************************
  Resource 'punkt_tab' not found.
  Please use the NLTK Downloader to obtain the resource:

  >>> import nltk
  >>> nltk.download('punkt_tab')

  For more information see: https://www.nltk.org/data.html

  Attempted to load 'tokenizers/punkt_tab/english/'

  Searched in:
    - 'C:\\Users\\Rivith Ranjuna/nltk_data'
    - 'C:\\Users\\Rivith Ranjuna\\OneDrive\\Desktop\\movie-trailer-analyzer-frontend\\backend\\venv\\nltk_data'
    - 'C:\\Users\\Rivith Ranjuna\\OneDrive\\Desktop\\movie-trailer-analyzer-frontend\\backend\\venv\\share\\nltk_data'
    - 'C:\\Users\\Rivith Ranjuna\\OneDrive\\Desktop\\movie-trailer-analyzer-frontend\\backend\\venv\\lib\\nltk_data'
    - 'C:\\Users\\Rivith Ranjuna\\AppData\\Roaming\\nltk_data'
    - 'C:\\nltk_data'
    - 'D:\\nltk_data'
    - 'E:\\nltk_data'
**********************************************************************

2026-05-10 09:40:58,496 - services.sentiment_service - ERROR - Error analyzing comment: 
**********************************************************************
  Resource 'punkt_tab' not found.
  Please use the NLTK Downloader to obtain the resource:

  >>> import nltk
  >>> nltk.download('punkt_tab')

  For more information see: https://www.nltk.org/data.html

  Attempted to load 'tokenizers/punkt_tab/english/'

  Searched in:
    - 'C:\\Users\\Rivith Ranjuna/nltk_data'
    - 'C:\\Users\\Rivith Ranjuna\\OneDrive\\Desktop\\movie-trailer-analyzer-frontend\\backend\\venv\\nltk_data'
    - 'C:\\Users\\Rivith Ranjuna\\OneDrive\\Desktop\\movie-trailer-analyzer-frontend\\backend\\venv\\share\\nltk_data'
    - 'C:\\Users\\Rivith Ranjuna\\OneDrive\\Desktop\\movie-trailer-analyzer-frontend\\backend\\venv\\lib\\nltk_data'
    - 'C:\\Users\\Rivith Ranjuna\\AppData\\Roaming\\nltk_data'
    - 'C:\\nltk_data'
    - 'D:\\nltk_data'
    - 'E:\\nltk_data'
**********************************************************************

2026-05-10 09:40:58,496 - services.sentiment_service - ERROR - Error analyzing comment: 
**********************************************************************
  Resource 'punkt_tab' not found.
  Please use the NLTK Downloader to obtain the resource:

  >>> import nltk
  >>> nltk.download('punkt_tab')

  For more information see: https://www.nltk.org/data.html

  Attempted to load 'tokenizers/punkt_tab/english/'

  Searched in:
    - 'C:\\Users\\Rivith Ranjuna/nltk_data'
    - 'C:\\Users\\Rivith Ranjuna\\OneDrive\\Desktop\\movie-trailer-analyzer-frontend\\backend\\venv\\nltk_data'
    - 'C:\\Users\\Rivith Ranjuna\\OneDrive\\Desktop\\movie-trailer-analyzer-frontend\\backend\\venv\\share\\nltk_data'
    - 'C:\\Users\\Rivith Ranjuna\\OneDrive\\Desktop\\movie-trailer-analyzer-frontend\\backend\\venv\\lib\\nltk_data'
    - 'C:\\Users\\Rivith Ranjuna\\AppData\\Roaming\\nltk_data'
    - 'C:\\nltk_data'
    - 'D:\\nltk_data'
    - 'E:\\nltk_data'
**********************************************************************

2026-05-10 09:40:58,500 - services.sentiment_service - ERROR - Error analyzing comment: 
**********************************************************************
  Resource 'punkt_tab' not found.
  Please use the NLTK Downloader to obtain the resource:

  >>> import nltk
  >>> nltk.download('punkt_tab')

  For more information see: https://www.nltk.org/data.html

  Attempted to load 'tokenizers/punkt_tab/english/'

  Searched in:
    - 'C:\\Users\\Rivith Ranjuna/nltk_data'
    - 'C:\\Users\\Rivith Ranjuna\\OneDrive\\Desktop\\movie-trailer-analyzer-frontend\\backend\\venv\\nltk_data'
    - 'C:\\Users\\Rivith Ranjuna\\OneDrive\\Desktop\\movie-trailer-analyzer-frontend\\backend\\venv\\share\\nltk_data'
    - 'C:\\Users\\Rivith Ranjuna\\OneDrive\\Desktop\\movie-trailer-analyzer-frontend\\backend\\venv\\lib\\nltk_data'
    - 'C:\\Users\\Rivith Ranjuna\\AppData\\Roaming\\nltk_data'
    - 'C:\\nltk_data'
    - 'D:\\nltk_data'
    - 'E:\\nltk_data'
**********************************************************************

2026-05-10 09:40:58,500 - services.sentiment_service - ERROR - Error analyzing comment: 
**********************************************************************
  Resource 'punkt_tab' not found.
  Please use the NLTK Downloader to obtain the resource:

  >>> import nltk
  >>> nltk.download('punkt_tab')

  For more information see: https://www.nltk.org/data.html

  Attempted to load 'tokenizers/punkt_tab/english/'

  Searched in:
    - 'C:\\Users\\Rivith Ranjuna/nltk_data'
    - 'C:\\Users\\Rivith Ranjuna\\OneDrive\\Desktop\\movie-trailer-analyzer-frontend\\backend\\venv\\nltk_data'
    - 'C:\\Users\\Rivith Ranjuna\\OneDrive\\Desktop\\movie-trailer-analyzer-frontend\\backend\\venv\\share\\nltk_data'
    - 'C:\\Users\\Rivith Ranjuna\\OneDrive\\Desktop\\movie-trailer-analyzer-frontend\\backend\\venv\\lib\\nltk_data'
    - 'C:\\Users\\Rivith Ranjuna\\AppData\\Roaming\\nltk_data'
    - 'C:\\nltk_data'
    - 'D:\\nltk_data'
    - 'E:\\nltk_data'
**********************************************************************

2026-05-10 09:40:58,501 - services.firebase_service - WARNING - Firebase not configured, skipping save
2026-05-10 09:40:58,501 - services.firebase_service - WARNING - Firebase not configured, skipping save
2026-05-10 09:40:58,503 - root - INFO - Response: 200
2026-05-10 09:40:58,503 - root - INFO - Response: 200
2026-05-10 09:40:58,503 - werkzeug - INFO - 127.0.0.1 - - [10/May/2026 09:40:58] "POST /api/sentiment/analyze HTTP/1.1" 200 -
2026-05-10 09:40:58,503 - werkzeug - INFO - 127.0.0.1 - - [10/May/2026 09:40:58] "POST /api/sentiment/analyze HTTP/1.1" 200 -
